-- Users
INSERT IGNORE INTO user (id, name, email, password, user_role, created_at) VALUES (UNHEX(REPLACE('039aebaf-ec2d-4fcd-a01f-31e635f52676', '-', '')), 'test', 'test@example.com', 'password_hash_placeholder', 'USER', '2025-11-17 10:30:32');
INSERT IGNORE INTO user (id, name, email, password, user_role, created_at) VALUES (UNHEX(REPLACE('09aaa830-083a-4fb4-bde6-b5e1ebd88fc4', '-', '')), 'testuser', 'testuser@example.com', 'password_hash_placeholder', 'USER', '2025-10-10 10:30:32');
INSERT IGNORE INTO user (id, name, email, password, user_role, created_at) VALUES (UNHEX(REPLACE('1724dfe8-a213-4b7c-90bd-759cbcad2ce3', '-', '')), 'admin1', 'admin1@example.com', 'password_hash_placeholder', 'ADMIN', '2025-12-17 10:30:32');
INSERT IGNORE INTO user (id, name, email, password, user_role, created_at) VALUES (UNHEX(REPLACE('258b396f-226f-4996-8bb8-77d2fbcb55f2', '-', '')), 'Ramesh Kumar', 'ramesh@example.com', 'password_hash_placeholder', 'USER', '2025-11-04 10:30:32');
INSERT IGNORE INTO user (id, name, email, password, user_role, created_at) VALUES (UNHEX(REPLACE('41efc079-a232-4631-8674-847e5acf6ab5', '-', '')), 'Aakash Gupta', 'aakash@example.com', 'password_hash_placeholder', 'USER', '2025-10-10 10:30:32');
INSERT IGNORE INTO user (id, name, email, password, user_role, created_at) VALUES (UNHEX(REPLACE('4d093feb-a6be-41c7-8888-00a4d38953d0', '-', '')), 'Raj Kumar', 'raj@example.com', 'password_hash_placeholder', 'USER', '2025-11-24 10:30:32');
INSERT IGNORE INTO user (id, name, email, password, user_role, created_at) VALUES (UNHEX(REPLACE('859afa4d-d98c-443e-9d9e-b9db7187a79a', '-', '')), 'admin2', 'admin2@example.com', 'password_hash_placeholder', 'ADMIN', '2025-12-09 10:30:32');
INSERT IGNORE INTO user (id, name, email, password, user_role, created_at) VALUES (UNHEX(REPLACE('acd4027c-95e3-494a-a5ff-2e64f948a4c0', '-', '')), 'Abhay Joshi', 'abhay@example.com', 'password_hash_placeholder', 'USER', '2025-12-15 10:30:32');
INSERT IGNORE INTO user (id, name, email, password, user_role, created_at) VALUES (UNHEX(REPLACE('c4c102a8-fd78-49e6-966e-dccb2f1e7dc2', '-', '')), 'Ahmad Raza', 'ahmad@example.com', 'password_hash_placeholder', 'USER', '2025-10-24 10:30:32');

-- Categories
INSERT IGNORE INTO category (id, name) VALUES (UNHEX(REPLACE('3baf5db6-dce4-4397-8379-d25b6585cc6b', '-', '')), 'Automation');
INSERT IGNORE INTO category (id, name) VALUES (UNHEX(REPLACE('1a6a80fe-47dd-47ce-bc02-d57e8af6ca48', '-', '')), 'Business');
INSERT IGNORE INTO category (id, name) VALUES (UNHEX(REPLACE('e7b7667f-f80e-4f7e-9964-496ea60d562c', '-', '')), 'Development');
INSERT IGNORE INTO category (id, name) VALUES (UNHEX(REPLACE('4669ba60-56d1-4754-bbc5-f16fa286b310', '-', '')), 'Engineering');
INSERT IGNORE INTO category (id, name) VALUES (UNHEX(REPLACE('27a66795-6ddd-47c1-aca0-bbfded14b8e5', '-', '')), 'Finance');
INSERT IGNORE INTO category (id, name) VALUES (UNHEX(REPLACE('94d7df64-9141-4415-af29-2f975ba7294b', '-', '')), 'Infrastructure');
INSERT IGNORE INTO category (id, name) VALUES (UNHEX(REPLACE('74438c16-f100-4222-a2d3-28b9f5644c2e', '-', '')), 'Management');
INSERT IGNORE INTO category (id, name) VALUES (UNHEX(REPLACE('347dce74-1e23-49b1-ac1e-e84663f47891', '-', '')), 'Marketing');
INSERT IGNORE INTO category (id, name) VALUES (UNHEX(REPLACE('711fd0cd-b380-4dd7-a231-40c29f78f896', '-', '')), 'Politics');
INSERT IGNORE INTO category (id, name) VALUES (UNHEX(REPLACE('80adffe7-89a8-4ebd-b9f3-c54c4f943d11', '-', '')), 'Technology');
INSERT IGNORE INTO category (id, name) VALUES (UNHEX(REPLACE('45928691-9be2-4656-8459-a87ce8f00ba8', '-', '')), 'Test');

-- Tags
INSERT IGNORE INTO tag (id, name) VALUES (UNHEX(REPLACE('5e72227a-4c5b-44e8-956a-937e610442bb', '-', '')), 'blogs');
INSERT IGNORE INTO tag (id, name) VALUES (UNHEX(REPLACE('673cfa51-1aa2-4894-addb-5ae35ff2cce6', '-', '')), 'computers');
INSERT IGNORE INTO tag (id, name) VALUES (UNHEX(REPLACE('1fc5ea5a-2798-4bf6-bbbe-697a1af1bcd9', '-', '')), 'hardware');
INSERT IGNORE INTO tag (id, name) VALUES (UNHEX(REPLACE('b564b38c-2ff9-4238-a531-e2a15cbc27e6', '-', '')), 'java');
INSERT IGNORE INTO tag (id, name) VALUES (UNHEX(REPLACE('5dfdfb8e-bba6-423f-9563-1fe401905741', '-', '')), 'programming');
INSERT IGNORE INTO tag (id, name) VALUES (UNHEX(REPLACE('f15a3ad4-4a57-41a1-ba0f-9263410a5d66', '-', '')), 'python');
INSERT IGNORE INTO tag (id, name) VALUES (UNHEX(REPLACE('49874c47-c7dc-450d-8b84-e358c062499d', '-', '')), 'software');
INSERT IGNORE INTO tag (id, name) VALUES (UNHEX(REPLACE('37be1cb8-df59-4158-a4ab-532263d9a529', '-', '')), 'test1');
INSERT IGNORE INTO tag (id, name) VALUES (UNHEX(REPLACE('05109d4f-a4de-414e-af1c-1491331fb797', '-', '')), 'test2');
INSERT IGNORE INTO tag (id, name) VALUES (UNHEX(REPLACE('a8c490bd-690b-4cc2-bb76-4325b80779e1', '-', '')), 'test3');
INSERT IGNORE INTO tag (id, name) VALUES (UNHEX(REPLACE('7008e8d3-b903-48f8-bfb6-c866eb1f89d8', '-', '')), 'test4');

-- Posts
INSERT IGNORE INTO post (id, title, content, reading_time, is_featured, is_trending, post_status, created_at, updated_at, author_id, category_id) VALUES (UNHEX(REPLACE('cab563ef-5a01-417d-bc99-7894c8500a39', '-', '')), 'Development Insight #1: Strategic Overview', 'Top 10 reasons to invest in Development. From cost efficiency to enhanced performance, we break down the tangible benefits that Development brings to the table. Real-world case studies illustrate the impact of these advantages. More detailed technical analysis follows here. More detailed technical analysis follows here. More detailed technical analysis follows here. More detailed technical analysis follows here. More detailed technical analysis follows here. More detailed technical analysis follows here. More detailed technical analysis follows here. More detailed technical analysis follows here. More detailed technical analysis follows here. More detailed technical analysis follows here. More detailed technical analysis follows here. More detailed technical analysis follows here. More detailed technical analysis follows here. More detailed technical analysis follows here. More detailed technical analysis follows here. More detailed technical analysis follows here. More detailed technical analysis follows here. More detailed technical analysis follows here. More detailed technical analysis follows here. More detailed technical analysis follows here. ', 10, 1, 1, 'PUBLISHED', '2026-01-14 10:30:32.516722', '2026-01-14 15:30:32.516722', UNHEX(REPLACE('41efc079-a232-4631-8674-847e5acf6ab5', '-', '')), UNHEX(REPLACE('e7b7667f-f80e-4f7e-9964-496ea60d562c', '-', '')));
INSERT IGNORE INTO post (id, title, content, reading_time, is_featured, is_trending, post_status, created_at, updated_at, author_id, category_id) VALUES (UNHEX(REPLACE('38ee8443-9ebc-4d23-9fa5-aaf4a0408be2', '-', '')), 'Test Insight #2: Strategic Overview', 'The ultimate guide to Test. Whether you''re a beginner or an expert, this piece covers everything you need to know about implementing Test in your daily workflow. We include step-by-step instructions and best practices to ensure success. More detailed technical analysis follows here. More detailed technical analysis follows here. More detailed technical analysis follows here. More detailed technical analysis follows here. More detailed technical analysis follows here. More detailed technical analysis follows here. More detailed technical analysis follows here. More detailed technical analysis follows here. More detailed technical analysis follows here. More detailed technical analysis follows here. More detailed technical analysis follows here. More detailed technical analysis follows here. More detailed technical analysis follows here. More detailed technical analysis follows here. More detailed technical analysis follows here. More detailed technical analysis follows here. More detailed technical analysis follows here. More detailed technical analysis follows here. More detailed technical analysis follows here. More detailed technical analysis follows here. ', 6, 1, 1, 'PUBLISHED', '2025-12-17 10:30:32.516722', '2025-12-18 10:30:32.516722', UNHEX(REPLACE('c4c102a8-fd78-49e6-966e-dccb2f1e7dc2', '-', '')), UNHEX(REPLACE('45928691-9be2-4656-8459-a87ce8f00ba8', '-', '')));
INSERT IGNORE INTO post (id, title, content, reading_time, is_featured, is_trending, post_status, created_at, updated_at, author_id, category_id) VALUES (UNHEX(REPLACE('58a7ee61-bd27-4913-8787-58adee3c716f', '-', '')), 'Finance Insight #3: Strategic Overview', 'Top 10 reasons to invest in Finance. From cost efficiency to enhanced performance, we break down the tangible benefits that Finance brings to the table. Real-world case studies illustrate the impact of these advantages. More detailed technical analysis follows here. More detailed technical analysis follows here. More detailed technical analysis follows here. More detailed technical analysis follows here. More detailed technical analysis follows here. More detailed technical analysis follows here. More detailed technical analysis follows here. More detailed technical analysis follows here. More detailed technical analysis follows here. More detailed technical analysis follows here. More detailed technical analysis follows here. More detailed technical analysis follows here. More detailed technical analysis follows here. More detailed technical analysis follows here. More detailed technical analysis follows here. More detailed technical analysis follows here. More detailed technical analysis follows here. More detailed technical analysis follows here. More detailed technical analysis follows here. More detailed technical analysis follows here. ', 6, 1, 1, 'PUBLISHED', '2025-12-20 10:30:32.516722', '2025-12-20 18:30:32.516722', UNHEX(REPLACE('859afa4d-d98c-443e-9d9e-b9db7187a79a', '-', '')), UNHEX(REPLACE('27a66795-6ddd-47c1-aca0-bbfded14b8e5', '-', '')));
INSERT IGNORE INTO post (id, title, content, reading_time, is_featured, is_trending, post_status, created_at, updated_at, author_id, category_id) VALUES (UNHEX(REPLACE('29797a85-8459-406d-8ac3-9389082f1890', '-', '')), 'Management Insight #4: Strategic Overview', 'Why Management is more important than ever. In today''s rapidly changing landscape, understanding Management has become a necessity for professionals and organizations alike. We explore the core principles that make Management a transformative force. More detailed technical analysis follows here. More detailed technical analysis follows here. More detailed technical analysis follows here. More detailed technical analysis follows here. More detailed technical analysis follows here. More detailed technical analysis follows here. More detailed technical analysis follows here. More detailed technical analysis follows here. More detailed technical analysis follows here. More detailed technical analysis follows here. More detailed technical analysis follows here. More detailed technical analysis follows here. More detailed technical analysis follows here. More detailed technical analysis follows here. More detailed technical analysis follows here. More detailed technical analysis follows here. More detailed technical analysis follows here. More detailed technical analysis follows here. More detailed technical analysis follows here. More detailed technical analysis follows here. ', 11, 1, 1, 'PUBLISHED', '2025-12-25 10:30:32.516722', '2025-12-25 14:30:32.516722', UNHEX(REPLACE('acd4027c-95e3-494a-a5ff-2e64f948a4c0', '-', '')), UNHEX(REPLACE('74438c16-f100-4222-a2d3-28b9f5644c2e', '-', '')));
INSERT IGNORE INTO post (id, title, content, reading_time, is_featured, is_trending, post_status, created_at, updated_at, author_id, category_id) VALUES (UNHEX(REPLACE('134fd308-4b84-4840-96e4-5f52e08165ea', '-', '')), 'Finance Insight #5: Strategic Overview', 'A deep dive into Finance strategies. Succeeding with Finance requires a structured approach. This article outlines the key components of a winning strategy and how to navigate common challenges that may arise during implementation. More detailed technical analysis follows here. More detailed technical analysis follows here. More detailed technical analysis follows here. More detailed technical analysis follows here. More detailed technical analysis follows here. More detailed technical analysis follows here. More detailed technical analysis follows here. More detailed technical analysis follows here. More detailed technical analysis follows here. More detailed technical analysis follows here. More detailed technical analysis follows here. More detailed technical analysis follows here. More detailed technical analysis follows here. More detailed technical analysis follows here. More detailed technical analysis follows here. More detailed technical analysis follows here. More detailed technical analysis follows here. More detailed technical analysis follows here. More detailed technical analysis follows here. More detailed technical analysis follows here. ', 12, 1, 1, 'PUBLISHED', '2026-01-13 10:30:32.516722', '2026-01-13 12:30:32.516722', UNHEX(REPLACE('41efc079-a232-4631-8674-847e5acf6ab5', '-', '')), UNHEX(REPLACE('27a66795-6ddd-47c1-aca0-bbfded14b8e5', '-', '')));
INSERT IGNORE INTO post (id, title, content, reading_time, is_featured, is_trending, post_status, created_at, updated_at, author_id, category_id) VALUES (UNHEX(REPLACE('a003fb83-3922-4dfe-9ace-dfbc341ed6fc', '-', '')), 'Finance Insight #6: Strategic Overview', 'Why Finance is more important than ever. In today''s rapidly changing landscape, understanding Finance has become a necessity for professionals and organizations alike. We explore the core principles that make Finance a transformative force. More detailed technical analysis follows here. More detailed technical analysis follows here. More detailed technical analysis follows here. More detailed technical analysis follows here. More detailed technical analysis follows here. More detailed technical analysis follows here. More detailed technical analysis follows here. More detailed technical analysis follows here. More detailed technical analysis follows here. More detailed technical analysis follows here. More detailed technical analysis follows here. More detailed technical analysis follows here. More detailed technical analysis follows here. More detailed technical analysis follows here. More detailed technical analysis follows here. More detailed technical analysis follows here. More detailed technical analysis follows here. More detailed technical analysis follows here. More detailed technical analysis follows here. More detailed technical analysis follows here. ', 6, 0, 0, 'PUBLISHED', '2026-01-04 10:30:32.516722', '2026-01-05 04:30:32.516722', UNHEX(REPLACE('1724dfe8-a213-4b7c-90bd-759cbcad2ce3', '-', '')), UNHEX(REPLACE('27a66795-6ddd-47c1-aca0-bbfded14b8e5', '-', '')));
INSERT IGNORE INTO post (id, title, content, reading_time, is_featured, is_trending, post_status, created_at, updated_at, author_id, category_id) VALUES (UNHEX(REPLACE('87541074-d854-40ef-8b56-d1f8c9a0ef62', '-', '')), 'Engineering Insight #7: Strategic Overview', 'The ultimate guide to Engineering. Whether you''re a beginner or an expert, this piece covers everything you need to know about implementing Engineering in your daily workflow. We include step-by-step instructions and best practices to ensure success. More detailed technical analysis follows here. More detailed technical analysis follows here. More detailed technical analysis follows here. More detailed technical analysis follows here. More detailed technical analysis follows here. More detailed technical analysis follows here. More detailed technical analysis follows here. More detailed technical analysis follows here. More detailed technical analysis follows here. More detailed technical analysis follows here. More detailed technical analysis follows here. More detailed technical analysis follows here. More detailed technical analysis follows here. More detailed technical analysis follows here. More detailed technical analysis follows here. More detailed technical analysis follows here. More detailed technical analysis follows here. More detailed technical analysis follows here. More detailed technical analysis follows here. More detailed technical analysis follows here. ', 15, 0, 0, 'PUBLISHED', '2025-12-30 10:30:32.516722', '2025-12-30 21:30:32.516722', UNHEX(REPLACE('c4c102a8-fd78-49e6-966e-dccb2f1e7dc2', '-', '')), UNHEX(REPLACE('4669ba60-56d1-4754-bbc5-f16fa286b310', '-', '')));
INSERT IGNORE INTO post (id, title, content, reading_time, is_featured, is_trending, post_status, created_at, updated_at, author_id, category_id) VALUES (UNHEX(REPLACE('80c8a47b-932f-4bc3-be2f-881352145eda', '-', '')), 'Automation Insight #8: Strategic Overview', 'Why Automation is more important than ever. In today''s rapidly changing landscape, understanding Automation has become a necessity for professionals and organizations alike. We explore the core principles that make Automation a transformative force. More detailed technical analysis follows here. More detailed technical analysis follows here. More detailed technical analysis follows here. More detailed technical analysis follows here. More detailed technical analysis follows here. More detailed technical analysis follows here. More detailed technical analysis follows here. More detailed technical analysis follows here. More detailed technical analysis follows here. More detailed technical analysis follows here. More detailed technical analysis follows here. More detailed technical analysis follows here. More detailed technical analysis follows here. More detailed technical analysis follows here. More detailed technical analysis follows here. More detailed technical analysis follows here. More detailed technical analysis follows here. More detailed technical analysis follows here. More detailed technical analysis follows here. More detailed technical analysis follows here. ', 14, 0, 0, 'PUBLISHED', '2025-12-24 10:30:32.516722', '2025-12-25 02:30:32.516722', UNHEX(REPLACE('41efc079-a232-4631-8674-847e5acf6ab5', '-', '')), UNHEX(REPLACE('3baf5db6-dce4-4397-8379-d25b6585cc6b', '-', '')));
INSERT IGNORE INTO post (id, title, content, reading_time, is_featured, is_trending, post_status, created_at, updated_at, author_id, category_id) VALUES (UNHEX(REPLACE('64d60e11-df93-4c36-98ff-90a22844064b', '-', '')), 'Infrastructure Insight #9: Strategic Overview', 'A deep dive into Infrastructure strategies. Succeeding with Infrastructure requires a structured approach. This article outlines the key components of a winning strategy and how to navigate common challenges that may arise during implementation. More detailed technical analysis follows here. More detailed technical analysis follows here. More detailed technical analysis follows here. More detailed technical analysis follows here. More detailed technical analysis follows here. More detailed technical analysis follows here. More detailed technical analysis follows here. More detailed technical analysis follows here. More detailed technical analysis follows here. More detailed technical analysis follows here. More detailed technical analysis follows here. More detailed technical analysis follows here. More detailed technical analysis follows here. More detailed technical analysis follows here. More detailed technical analysis follows here. More detailed technical analysis follows here. More detailed technical analysis follows here. More detailed technical analysis follows here. More detailed technical analysis follows here. More detailed technical analysis follows here. ', 11, 0, 0, 'PUBLISHED', '2026-01-03 10:30:32.516722', '2026-01-04 10:30:32.516722', UNHEX(REPLACE('09aaa830-083a-4fb4-bde6-b5e1ebd88fc4', '-', '')), UNHEX(REPLACE('94d7df64-9141-4415-af29-2f975ba7294b', '-', '')));
INSERT IGNORE INTO post (id, title, content, reading_time, is_featured, is_trending, post_status, created_at, updated_at, author_id, category_id) VALUES (UNHEX(REPLACE('b187f4cc-c50e-4966-9212-96100e812664', '-', '')), 'Test Insight #10: Strategic Overview', 'Why Test is more important than ever. In today''s rapidly changing landscape, understanding Test has become a necessity for professionals and organizations alike. We explore the core principles that make Test a transformative force. More detailed technical analysis follows here. More detailed technical analysis follows here. More detailed technical analysis follows here. More detailed technical analysis follows here. More detailed technical analysis follows here. More detailed technical analysis follows here. More detailed technical analysis follows here. More detailed technical analysis follows here. More detailed technical analysis follows here. More detailed technical analysis follows here. More detailed technical analysis follows here. More detailed technical analysis follows here. More detailed technical analysis follows here. More detailed technical analysis follows here. More detailed technical analysis follows here. More detailed technical analysis follows here. More detailed technical analysis follows here. More detailed technical analysis follows here. More detailed technical analysis follows here. More detailed technical analysis follows here. ', 11, 0, 0, 'PUBLISHED', '2025-12-24 10:30:32.516722', '2025-12-24 22:30:32.516722', UNHEX(REPLACE('09aaa830-083a-4fb4-bde6-b5e1ebd88fc4', '-', '')), UNHEX(REPLACE('45928691-9be2-4656-8459-a87ce8f00ba8', '-', '')));
INSERT IGNORE INTO post (id, title, content, reading_time, is_featured, is_trending, post_status, created_at, updated_at, author_id, category_id) VALUES (UNHEX(REPLACE('e4ecae73-37c7-4f20-8316-24c2d2ca928e', '-', '')), 'Technology Insight #11: Strategic Overview', 'The ultimate guide to Technology. Whether you''re a beginner or an expert, this piece covers everything you need to know about implementing Technology in your daily workflow. We include step-by-step instructions and best practices to ensure success. More detailed technical analysis follows here. More detailed technical analysis follows here. More detailed technical analysis follows here. More detailed technical analysis follows here. More detailed technical analysis follows here. More detailed technical analysis follows here. More detailed technical analysis follows here. More detailed technical analysis follows here. More detailed technical analysis follows here. More detailed technical analysis follows here. More detailed technical analysis follows here. More detailed technical analysis follows here. More detailed technical analysis follows here. More detailed technical analysis follows here. More detailed technical analysis follows here. More detailed technical analysis follows here. More detailed technical analysis follows here. More detailed technical analysis follows here. More detailed technical analysis follows here. More detailed technical analysis follows here. ', 9, 0, 0, 'PUBLISHED', '2026-01-07 10:30:32.516722', '2026-01-08 03:30:32.516722', UNHEX(REPLACE('859afa4d-d98c-443e-9d9e-b9db7187a79a', '-', '')), UNHEX(REPLACE('80adffe7-89a8-4ebd-b9f3-c54c4f943d11', '-', '')));
INSERT IGNORE INTO post (id, title, content, reading_time, is_featured, is_trending, post_status, created_at, updated_at, author_id, category_id) VALUES (UNHEX(REPLACE('5c0ea931-ab57-4cd9-9585-2ce957b5fdec', '-', '')), 'Politics Insight #12: Strategic Overview', 'The ultimate guide to Politics. Whether you''re a beginner or an expert, this piece covers everything you need to know about implementing Politics in your daily workflow. We include step-by-step instructions and best practices to ensure success. More detailed technical analysis follows here. More detailed technical analysis follows here. More detailed technical analysis follows here. More detailed technical analysis follows here. More detailed technical analysis follows here. More detailed technical analysis follows here. More detailed technical analysis follows here. More detailed technical analysis follows here. More detailed technical analysis follows here. More detailed technical analysis follows here. More detailed technical analysis follows here. More detailed technical analysis follows here. More detailed technical analysis follows here. More detailed technical analysis follows here. More detailed technical analysis follows here. More detailed technical analysis follows here. More detailed technical analysis follows here. More detailed technical analysis follows here. More detailed technical analysis follows here. More detailed technical analysis follows here. ', 5, 0, 0, 'PUBLISHED', '2025-12-21 10:30:32.517718', '2025-12-22 01:30:32.517718', UNHEX(REPLACE('1724dfe8-a213-4b7c-90bd-759cbcad2ce3', '-', '')), UNHEX(REPLACE('711fd0cd-b380-4dd7-a231-40c29f78f896', '-', '')));
INSERT IGNORE INTO post (id, title, content, reading_time, is_featured, is_trending, post_status, created_at, updated_at, author_id, category_id) VALUES (UNHEX(REPLACE('047942e2-5467-4b9f-9dbc-d3bc535959c3', '-', '')), 'Test Insight #13: Strategic Overview', 'Top 10 reasons to invest in Test. From cost efficiency to enhanced performance, we break down the tangible benefits that Test brings to the table. Real-world case studies illustrate the impact of these advantages. More detailed technical analysis follows here. More detailed technical analysis follows here. More detailed technical analysis follows here. More detailed technical analysis follows here. More detailed technical analysis follows here. More detailed technical analysis follows here. More detailed technical analysis follows here. More detailed technical analysis follows here. More detailed technical analysis follows here. More detailed technical analysis follows here. More detailed technical analysis follows here. More detailed technical analysis follows here. More detailed technical analysis follows here. More detailed technical analysis follows here. More detailed technical analysis follows here. More detailed technical analysis follows here. More detailed technical analysis follows here. More detailed technical analysis follows here. More detailed technical analysis follows here. More detailed technical analysis follows here. ', 10, 0, 0, 'PUBLISHED', '2025-12-30 10:30:32.517718', '2025-12-30 23:30:32.517718', UNHEX(REPLACE('258b396f-226f-4996-8bb8-77d2fbcb55f2', '-', '')), UNHEX(REPLACE('45928691-9be2-4656-8459-a87ce8f00ba8', '-', '')));
INSERT IGNORE INTO post (id, title, content, reading_time, is_featured, is_trending, post_status, created_at, updated_at, author_id, category_id) VALUES (UNHEX(REPLACE('e110e445-d191-4fe9-9739-12be722c015b', '-', '')), 'Infrastructure Insight #14: Strategic Overview', 'A deep dive into Infrastructure strategies. Succeeding with Infrastructure requires a structured approach. This article outlines the key components of a winning strategy and how to navigate common challenges that may arise during implementation. More detailed technical analysis follows here. More detailed technical analysis follows here. More detailed technical analysis follows here. More detailed technical analysis follows here. More detailed technical analysis follows here. More detailed technical analysis follows here. More detailed technical analysis follows here. More detailed technical analysis follows here. More detailed technical analysis follows here. More detailed technical analysis follows here. More detailed technical analysis follows here. More detailed technical analysis follows here. More detailed technical analysis follows here. More detailed technical analysis follows here. More detailed technical analysis follows here. More detailed technical analysis follows here. More detailed technical analysis follows here. More detailed technical analysis follows here. More detailed technical analysis follows here. More detailed technical analysis follows here. ', 7, 0, 0, 'PUBLISHED', '2026-01-09 10:30:32.517718', '2026-01-09 11:30:32.517718', UNHEX(REPLACE('acd4027c-95e3-494a-a5ff-2e64f948a4c0', '-', '')), UNHEX(REPLACE('94d7df64-9141-4415-af29-2f975ba7294b', '-', '')));
INSERT IGNORE INTO post (id, title, content, reading_time, is_featured, is_trending, post_status, created_at, updated_at, author_id, category_id) VALUES (UNHEX(REPLACE('9a64de8b-9658-47e4-bc10-54716ee0bf42', '-', '')), 'Finance Insight #15: Strategic Overview', 'The ultimate guide to Finance. Whether you''re a beginner or an expert, this piece covers everything you need to know about implementing Finance in your daily workflow. We include step-by-step instructions and best practices to ensure success. More detailed technical analysis follows here. More detailed technical analysis follows here. More detailed technical analysis follows here. More detailed technical analysis follows here. More detailed technical analysis follows here. More detailed technical analysis follows here. More detailed technical analysis follows here. More detailed technical analysis follows here. More detailed technical analysis follows here. More detailed technical analysis follows here. More detailed technical analysis follows here. More detailed technical analysis follows here. More detailed technical analysis follows here. More detailed technical analysis follows here. More detailed technical analysis follows here. More detailed technical analysis follows here. More detailed technical analysis follows here. More detailed technical analysis follows here. More detailed technical analysis follows here. More detailed technical analysis follows here. ', 11, 0, 0, 'PUBLISHED', '2025-12-24 10:30:32.517718', '2025-12-24 18:30:32.517718', UNHEX(REPLACE('039aebaf-ec2d-4fcd-a01f-31e635f52676', '-', '')), UNHEX(REPLACE('27a66795-6ddd-47c1-aca0-bbfded14b8e5', '-', '')));
INSERT IGNORE INTO post (id, title, content, reading_time, is_featured, is_trending, post_status, created_at, updated_at, author_id, category_id) VALUES (UNHEX(REPLACE('a54eceb4-813f-48e2-aac1-112ef664d48d', '-', '')), 'Infrastructure Insight #16: Strategic Overview', 'Why Infrastructure is more important than ever. In today''s rapidly changing landscape, understanding Infrastructure has become a necessity for professionals and organizations alike. We explore the core principles that make Infrastructure a transformative force. More detailed technical analysis follows here. More detailed technical analysis follows here. More detailed technical analysis follows here. More detailed technical analysis follows here. More detailed technical analysis follows here. More detailed technical analysis follows here. More detailed technical analysis follows here. More detailed technical analysis follows here. More detailed technical analysis follows here. More detailed technical analysis follows here. More detailed technical analysis follows here. More detailed technical analysis follows here. More detailed technical analysis follows here. More detailed technical analysis follows here. More detailed technical analysis follows here. More detailed technical analysis follows here. More detailed technical analysis follows here. More detailed technical analysis follows here. More detailed technical analysis follows here. More detailed technical analysis follows here. ', 11, 0, 0, 'PUBLISHED', '2026-01-04 10:30:32.517718', '2026-01-04 15:30:32.517718', UNHEX(REPLACE('039aebaf-ec2d-4fcd-a01f-31e635f52676', '-', '')), UNHEX(REPLACE('94d7df64-9141-4415-af29-2f975ba7294b', '-', '')));
INSERT IGNORE INTO post (id, title, content, reading_time, is_featured, is_trending, post_status, created_at, updated_at, author_id, category_id) VALUES (UNHEX(REPLACE('d51fd602-209c-45f3-a90d-e52df50a3bf5', '-', '')), 'Infrastructure Insight #17: Strategic Overview', 'Why Infrastructure is more important than ever. In today''s rapidly changing landscape, understanding Infrastructure has become a necessity for professionals and organizations alike. We explore the core principles that make Infrastructure a transformative force. More detailed technical analysis follows here. More detailed technical analysis follows here. More detailed technical analysis follows here. More detailed technical analysis follows here. More detailed technical analysis follows here. More detailed technical analysis follows here. More detailed technical analysis follows here. More detailed technical analysis follows here. More detailed technical analysis follows here. More detailed technical analysis follows here. More detailed technical analysis follows here. More detailed technical analysis follows here. More detailed technical analysis follows here. More detailed technical analysis follows here. More detailed technical analysis follows here. More detailed technical analysis follows here. More detailed technical analysis follows here. More detailed technical analysis follows here. More detailed technical analysis follows here. More detailed technical analysis follows here. ', 8, 0, 0, 'PUBLISHED', '2025-12-24 10:30:32.517718', '2025-12-25 10:30:32.517718', UNHEX(REPLACE('1724dfe8-a213-4b7c-90bd-759cbcad2ce3', '-', '')), UNHEX(REPLACE('94d7df64-9141-4415-af29-2f975ba7294b', '-', '')));
INSERT IGNORE INTO post (id, title, content, reading_time, is_featured, is_trending, post_status, created_at, updated_at, author_id, category_id) VALUES (UNHEX(REPLACE('4a6e3a1c-6de8-43a2-b603-fb7178e0ef91', '-', '')), 'Management Insight #18: Strategic Overview', 'Exploring the depths of Management. This article provides a comprehensive overview of how Management is shaping the future of industries. We delve into historical context, current trends, and future predictions that experts are closely monitoring. More detailed technical analysis follows here. More detailed technical analysis follows here. More detailed technical analysis follows here. More detailed technical analysis follows here. More detailed technical analysis follows here. More detailed technical analysis follows here. More detailed technical analysis follows here. More detailed technical analysis follows here. More detailed technical analysis follows here. More detailed technical analysis follows here. More detailed technical analysis follows here. More detailed technical analysis follows here. More detailed technical analysis follows here. More detailed technical analysis follows here. More detailed technical analysis follows here. More detailed technical analysis follows here. More detailed technical analysis follows here. More detailed technical analysis follows here. More detailed technical analysis follows here. More detailed technical analysis follows here. ', 15, 0, 0, 'PUBLISHED', '2025-12-27 10:30:32.517718', '2025-12-27 13:30:32.517718', UNHEX(REPLACE('1724dfe8-a213-4b7c-90bd-759cbcad2ce3', '-', '')), UNHEX(REPLACE('74438c16-f100-4222-a2d3-28b9f5644c2e', '-', '')));
INSERT IGNORE INTO post (id, title, content, reading_time, is_featured, is_trending, post_status, created_at, updated_at, author_id, category_id) VALUES (UNHEX(REPLACE('aba2c2f1-5682-4b63-b489-09e7e4d03f00', '-', '')), 'Management Insight #19: Strategic Overview', 'Exploring the depths of Management. This article provides a comprehensive overview of how Management is shaping the future of industries. We delve into historical context, current trends, and future predictions that experts are closely monitoring. More detailed technical analysis follows here. More detailed technical analysis follows here. More detailed technical analysis follows here. More detailed technical analysis follows here. More detailed technical analysis follows here. More detailed technical analysis follows here. More detailed technical analysis follows here. More detailed technical analysis follows here. More detailed technical analysis follows here. More detailed technical analysis follows here. More detailed technical analysis follows here. More detailed technical analysis follows here. More detailed technical analysis follows here. More detailed technical analysis follows here. More detailed technical analysis follows here. More detailed technical analysis follows here. More detailed technical analysis follows here. More detailed technical analysis follows here. More detailed technical analysis follows here. More detailed technical analysis follows here. ', 9, 0, 0, 'PUBLISHED', '2026-01-09 10:30:32.517718', '2026-01-09 14:30:32.517718', UNHEX(REPLACE('09aaa830-083a-4fb4-bde6-b5e1ebd88fc4', '-', '')), UNHEX(REPLACE('74438c16-f100-4222-a2d3-28b9f5644c2e', '-', '')));
INSERT IGNORE INTO post (id, title, content, reading_time, is_featured, is_trending, post_status, created_at, updated_at, author_id, category_id) VALUES (UNHEX(REPLACE('79d16391-c1d3-4b63-b797-c0feaacd9d2e', '-', '')), 'Infrastructure Insight #20: Strategic Overview', 'A deep dive into Infrastructure strategies. Succeeding with Infrastructure requires a structured approach. This article outlines the key components of a winning strategy and how to navigate common challenges that may arise during implementation. More detailed technical analysis follows here. More detailed technical analysis follows here. More detailed technical analysis follows here. More detailed technical analysis follows here. More detailed technical analysis follows here. More detailed technical analysis follows here. More detailed technical analysis follows here. More detailed technical analysis follows here. More detailed technical analysis follows here. More detailed technical analysis follows here. More detailed technical analysis follows here. More detailed technical analysis follows here. More detailed technical analysis follows here. More detailed technical analysis follows here. More detailed technical analysis follows here. More detailed technical analysis follows here. More detailed technical analysis follows here. More detailed technical analysis follows here. More detailed technical analysis follows here. More detailed technical analysis follows here. ', 9, 0, 0, 'PUBLISHED', '2025-12-18 10:30:32.517718', '2025-12-19 09:30:32.517718', UNHEX(REPLACE('4d093feb-a6be-41c7-8888-00a4d38953d0', '-', '')), UNHEX(REPLACE('94d7df64-9141-4415-af29-2f975ba7294b', '-', '')));
INSERT IGNORE INTO post (id, title, content, reading_time, is_featured, is_trending, post_status, created_at, updated_at, author_id, category_id) VALUES (UNHEX(REPLACE('9465fe53-b4f5-4cd4-b691-90f777dd1074', '-', '')), 'Development Insight #21: Strategic Overview', 'The ultimate guide to Development. Whether you''re a beginner or an expert, this piece covers everything you need to know about implementing Development in your daily workflow. We include step-by-step instructions and best practices to ensure success. More detailed technical analysis follows here. More detailed technical analysis follows here. More detailed technical analysis follows here. More detailed technical analysis follows here. More detailed technical analysis follows here. More detailed technical analysis follows here. More detailed technical analysis follows here. More detailed technical analysis follows here. More detailed technical analysis follows here. More detailed technical analysis follows here. More detailed technical analysis follows here. More detailed technical analysis follows here. More detailed technical analysis follows here. More detailed technical analysis follows here. More detailed technical analysis follows here. More detailed technical analysis follows here. More detailed technical analysis follows here. More detailed technical analysis follows here. More detailed technical analysis follows here. More detailed technical analysis follows here. ', 8, 0, 0, 'PUBLISHED', '2025-12-24 10:30:32.517718', '2025-12-24 20:30:32.517718', UNHEX(REPLACE('acd4027c-95e3-494a-a5ff-2e64f948a4c0', '-', '')), UNHEX(REPLACE('e7b7667f-f80e-4f7e-9964-496ea60d562c', '-', '')));
INSERT IGNORE INTO post (id, title, content, reading_time, is_featured, is_trending, post_status, created_at, updated_at, author_id, category_id) VALUES (UNHEX(REPLACE('3d4058bf-af90-4675-97ae-932cd8edae7c', '-', '')), 'Engineering Insight #22: Strategic Overview', 'Top 10 reasons to invest in Engineering. From cost efficiency to enhanced performance, we break down the tangible benefits that Engineering brings to the table. Real-world case studies illustrate the impact of these advantages. More detailed technical analysis follows here. More detailed technical analysis follows here. More detailed technical analysis follows here. More detailed technical analysis follows here. More detailed technical analysis follows here. More detailed technical analysis follows here. More detailed technical analysis follows here. More detailed technical analysis follows here. More detailed technical analysis follows here. More detailed technical analysis follows here. More detailed technical analysis follows here. More detailed technical analysis follows here. More detailed technical analysis follows here. More detailed technical analysis follows here. More detailed technical analysis follows here. More detailed technical analysis follows here. More detailed technical analysis follows here. More detailed technical analysis follows here. More detailed technical analysis follows here. More detailed technical analysis follows here. ', 11, 0, 0, 'PUBLISHED', '2025-12-19 10:30:32.517718', '2025-12-19 23:30:32.517718', UNHEX(REPLACE('c4c102a8-fd78-49e6-966e-dccb2f1e7dc2', '-', '')), UNHEX(REPLACE('4669ba60-56d1-4754-bbc5-f16fa286b310', '-', '')));
INSERT IGNORE INTO post (id, title, content, reading_time, is_featured, is_trending, post_status, created_at, updated_at, author_id, category_id) VALUES (UNHEX(REPLACE('7888e423-4392-4eaf-8da8-6d924b279da6', '-', '')), 'Finance Insight #23: Strategic Overview', 'Why Finance is more important than ever. In today''s rapidly changing landscape, understanding Finance has become a necessity for professionals and organizations alike. We explore the core principles that make Finance a transformative force. More detailed technical analysis follows here. More detailed technical analysis follows here. More detailed technical analysis follows here. More detailed technical analysis follows here. More detailed technical analysis follows here. More detailed technical analysis follows here. More detailed technical analysis follows here. More detailed technical analysis follows here. More detailed technical analysis follows here. More detailed technical analysis follows here. More detailed technical analysis follows here. More detailed technical analysis follows here. More detailed technical analysis follows here. More detailed technical analysis follows here. More detailed technical analysis follows here. More detailed technical analysis follows here. More detailed technical analysis follows here. More detailed technical analysis follows here. More detailed technical analysis follows here. More detailed technical analysis follows here. ', 15, 0, 0, 'PUBLISHED', '2026-01-15 10:30:32.517718', '2026-01-15 18:30:32.517718', UNHEX(REPLACE('4d093feb-a6be-41c7-8888-00a4d38953d0', '-', '')), UNHEX(REPLACE('27a66795-6ddd-47c1-aca0-bbfded14b8e5', '-', '')));
INSERT IGNORE INTO post (id, title, content, reading_time, is_featured, is_trending, post_status, created_at, updated_at, author_id, category_id) VALUES (UNHEX(REPLACE('8273c51f-d36e-445d-b5fb-ef1a06c60ed6', '-', '')), 'Test Insight #24: Strategic Overview', 'Top 10 reasons to invest in Test. From cost efficiency to enhanced performance, we break down the tangible benefits that Test brings to the table. Real-world case studies illustrate the impact of these advantages. More detailed technical analysis follows here. More detailed technical analysis follows here. More detailed technical analysis follows here. More detailed technical analysis follows here. More detailed technical analysis follows here. More detailed technical analysis follows here. More detailed technical analysis follows here. More detailed technical analysis follows here. More detailed technical analysis follows here. More detailed technical analysis follows here. More detailed technical analysis follows here. More detailed technical analysis follows here. More detailed technical analysis follows here. More detailed technical analysis follows here. More detailed technical analysis follows here. More detailed technical analysis follows here. More detailed technical analysis follows here. More detailed technical analysis follows here. More detailed technical analysis follows here. More detailed technical analysis follows here. ', 13, 0, 0, 'PUBLISHED', '2025-12-19 10:30:32.517718', '2025-12-20 05:30:32.517718', UNHEX(REPLACE('09aaa830-083a-4fb4-bde6-b5e1ebd88fc4', '-', '')), UNHEX(REPLACE('45928691-9be2-4656-8459-a87ce8f00ba8', '-', '')));
INSERT IGNORE INTO post (id, title, content, reading_time, is_featured, is_trending, post_status, created_at, updated_at, author_id, category_id) VALUES (UNHEX(REPLACE('3460b997-7982-4925-8a8c-4f0feee43ac2', '-', '')), 'Business Insight #25: Strategic Overview', 'Why Business is more important than ever. In today''s rapidly changing landscape, understanding Business has become a necessity for professionals and organizations alike. We explore the core principles that make Business a transformative force. More detailed technical analysis follows here. More detailed technical analysis follows here. More detailed technical analysis follows here. More detailed technical analysis follows here. More detailed technical analysis follows here. More detailed technical analysis follows here. More detailed technical analysis follows here. More detailed technical analysis follows here. More detailed technical analysis follows here. More detailed technical analysis follows here. More detailed technical analysis follows here. More detailed technical analysis follows here. More detailed technical analysis follows here. More detailed technical analysis follows here. More detailed technical analysis follows here. More detailed technical analysis follows here. More detailed technical analysis follows here. More detailed technical analysis follows here. More detailed technical analysis follows here. More detailed technical analysis follows here. ', 8, 0, 0, 'PUBLISHED', '2025-12-30 10:30:32.517718', '2025-12-31 07:30:32.517718', UNHEX(REPLACE('09aaa830-083a-4fb4-bde6-b5e1ebd88fc4', '-', '')), UNHEX(REPLACE('1a6a80fe-47dd-47ce-bc02-d57e8af6ca48', '-', '')));
INSERT IGNORE INTO post (id, title, content, reading_time, is_featured, is_trending, post_status, created_at, updated_at, author_id, category_id) VALUES (UNHEX(REPLACE('ccd86954-f5e5-4ab0-98d0-1cb3b3830ab6', '-', '')), 'Test Insight #26: Strategic Overview', 'The ultimate guide to Test. Whether you''re a beginner or an expert, this piece covers everything you need to know about implementing Test in your daily workflow. We include step-by-step instructions and best practices to ensure success. More detailed technical analysis follows here. More detailed technical analysis follows here. More detailed technical analysis follows here. More detailed technical analysis follows here. More detailed technical analysis follows here. More detailed technical analysis follows here. More detailed technical analysis follows here. More detailed technical analysis follows here. More detailed technical analysis follows here. More detailed technical analysis follows here. More detailed technical analysis follows here. More detailed technical analysis follows here. More detailed technical analysis follows here. More detailed technical analysis follows here. More detailed technical analysis follows here. More detailed technical analysis follows here. More detailed technical analysis follows here. More detailed technical analysis follows here. More detailed technical analysis follows here. More detailed technical analysis follows here. ', 9, 0, 0, 'PUBLISHED', '2025-12-23 10:30:32.518716', '2025-12-23 15:30:32.518716', UNHEX(REPLACE('41efc079-a232-4631-8674-847e5acf6ab5', '-', '')), UNHEX(REPLACE('45928691-9be2-4656-8459-a87ce8f00ba8', '-', '')));
INSERT IGNORE INTO post (id, title, content, reading_time, is_featured, is_trending, post_status, created_at, updated_at, author_id, category_id) VALUES (UNHEX(REPLACE('0d251428-7a48-4c3c-b1f1-7e2405ceb848', '-', '')), 'Management Insight #27: Strategic Overview', 'A deep dive into Management strategies. Succeeding with Management requires a structured approach. This article outlines the key components of a winning strategy and how to navigate common challenges that may arise during implementation. More detailed technical analysis follows here. More detailed technical analysis follows here. More detailed technical analysis follows here. More detailed technical analysis follows here. More detailed technical analysis follows here. More detailed technical analysis follows here. More detailed technical analysis follows here. More detailed technical analysis follows here. More detailed technical analysis follows here. More detailed technical analysis follows here. More detailed technical analysis follows here. More detailed technical analysis follows here. More detailed technical analysis follows here. More detailed technical analysis follows here. More detailed technical analysis follows here. More detailed technical analysis follows here. More detailed technical analysis follows here. More detailed technical analysis follows here. More detailed technical analysis follows here. More detailed technical analysis follows here. ', 8, 0, 0, 'PUBLISHED', '2026-01-06 10:30:32.518716', '2026-01-06 17:30:32.518716', UNHEX(REPLACE('859afa4d-d98c-443e-9d9e-b9db7187a79a', '-', '')), UNHEX(REPLACE('74438c16-f100-4222-a2d3-28b9f5644c2e', '-', '')));
INSERT IGNORE INTO post (id, title, content, reading_time, is_featured, is_trending, post_status, created_at, updated_at, author_id, category_id) VALUES (UNHEX(REPLACE('5643d1ae-0a1a-4480-81d1-fbcf230697ae', '-', '')), 'Automation Insight #28: Strategic Overview', 'Exploring the depths of Automation. This article provides a comprehensive overview of how Automation is shaping the future of industries. We delve into historical context, current trends, and future predictions that experts are closely monitoring. More detailed technical analysis follows here. More detailed technical analysis follows here. More detailed technical analysis follows here. More detailed technical analysis follows here. More detailed technical analysis follows here. More detailed technical analysis follows here. More detailed technical analysis follows here. More detailed technical analysis follows here. More detailed technical analysis follows here. More detailed technical analysis follows here. More detailed technical analysis follows here. More detailed technical analysis follows here. More detailed technical analysis follows here. More detailed technical analysis follows here. More detailed technical analysis follows here. More detailed technical analysis follows here. More detailed technical analysis follows here. More detailed technical analysis follows here. More detailed technical analysis follows here. More detailed technical analysis follows here. ', 5, 0, 0, 'PUBLISHED', '2025-12-29 10:30:32.518716', '2025-12-29 15:30:32.518716', UNHEX(REPLACE('039aebaf-ec2d-4fcd-a01f-31e635f52676', '-', '')), UNHEX(REPLACE('3baf5db6-dce4-4397-8379-d25b6585cc6b', '-', '')));
INSERT IGNORE INTO post (id, title, content, reading_time, is_featured, is_trending, post_status, created_at, updated_at, author_id, category_id) VALUES (UNHEX(REPLACE('7435ea00-3a86-407a-9444-5399c2079270', '-', '')), 'Finance Insight #29: Strategic Overview', 'Why Finance is more important than ever. In today''s rapidly changing landscape, understanding Finance has become a necessity for professionals and organizations alike. We explore the core principles that make Finance a transformative force. More detailed technical analysis follows here. More detailed technical analysis follows here. More detailed technical analysis follows here. More detailed technical analysis follows here. More detailed technical analysis follows here. More detailed technical analysis follows here. More detailed technical analysis follows here. More detailed technical analysis follows here. More detailed technical analysis follows here. More detailed technical analysis follows here. More detailed technical analysis follows here. More detailed technical analysis follows here. More detailed technical analysis follows here. More detailed technical analysis follows here. More detailed technical analysis follows here. More detailed technical analysis follows here. More detailed technical analysis follows here. More detailed technical analysis follows here. More detailed technical analysis follows here. More detailed technical analysis follows here. ', 11, 0, 0, 'PUBLISHED', '2025-12-24 10:30:32.518716', '2025-12-25 09:30:32.518716', UNHEX(REPLACE('258b396f-226f-4996-8bb8-77d2fbcb55f2', '-', '')), UNHEX(REPLACE('27a66795-6ddd-47c1-aca0-bbfded14b8e5', '-', '')));
INSERT IGNORE INTO post (id, title, content, reading_time, is_featured, is_trending, post_status, created_at, updated_at, author_id, category_id) VALUES (UNHEX(REPLACE('81da1d20-fee2-4552-8b39-460ea01b6fdb', '-', '')), 'Engineering Insight #30: Strategic Overview', 'A deep dive into Engineering strategies. Succeeding with Engineering requires a structured approach. This article outlines the key components of a winning strategy and how to navigate common challenges that may arise during implementation. More detailed technical analysis follows here. More detailed technical analysis follows here. More detailed technical analysis follows here. More detailed technical analysis follows here. More detailed technical analysis follows here. More detailed technical analysis follows here. More detailed technical analysis follows here. More detailed technical analysis follows here. More detailed technical analysis follows here. More detailed technical analysis follows here. More detailed technical analysis follows here. More detailed technical analysis follows here. More detailed technical analysis follows here. More detailed technical analysis follows here. More detailed technical analysis follows here. More detailed technical analysis follows here. More detailed technical analysis follows here. More detailed technical analysis follows here. More detailed technical analysis follows here. More detailed technical analysis follows here. ', 8, 0, 0, 'PUBLISHED', '2025-12-20 10:30:32.518716', '2025-12-20 22:30:32.518716', UNHEX(REPLACE('4d093feb-a6be-41c7-8888-00a4d38953d0', '-', '')), UNHEX(REPLACE('4669ba60-56d1-4754-bbc5-f16fa286b310', '-', '')));
INSERT IGNORE INTO post (id, title, content, reading_time, is_featured, is_trending, post_status, created_at, updated_at, author_id, category_id) VALUES (UNHEX(REPLACE('711cfdbd-5b33-4373-9b74-1c13609f15c1', '-', '')), 'Marketing Insight #31: Strategic Overview', 'A deep dive into Marketing strategies. Succeeding with Marketing requires a structured approach. This article outlines the key components of a winning strategy and how to navigate common challenges that may arise during implementation. More detailed technical analysis follows here. More detailed technical analysis follows here. More detailed technical analysis follows here. More detailed technical analysis follows here. More detailed technical analysis follows here. More detailed technical analysis follows here. More detailed technical analysis follows here. More detailed technical analysis follows here. More detailed technical analysis follows here. More detailed technical analysis follows here. More detailed technical analysis follows here. More detailed technical analysis follows here. More detailed technical analysis follows here. More detailed technical analysis follows here. More detailed technical analysis follows here. More detailed technical analysis follows here. More detailed technical analysis follows here. More detailed technical analysis follows here. More detailed technical analysis follows here. More detailed technical analysis follows here. ', 5, 0, 0, 'PUBLISHED', '2025-12-26 10:30:32.518716', '2025-12-27 10:30:32.518716', UNHEX(REPLACE('859afa4d-d98c-443e-9d9e-b9db7187a79a', '-', '')), UNHEX(REPLACE('347dce74-1e23-49b1-ac1e-e84663f47891', '-', '')));
INSERT IGNORE INTO post (id, title, content, reading_time, is_featured, is_trending, post_status, created_at, updated_at, author_id, category_id) VALUES (UNHEX(REPLACE('cce9f13b-0d46-4be1-b941-6e9843bb86d7', '-', '')), 'Politics Insight #32: Strategic Overview', 'Exploring the depths of Politics. This article provides a comprehensive overview of how Politics is shaping the future of industries. We delve into historical context, current trends, and future predictions that experts are closely monitoring. More detailed technical analysis follows here. More detailed technical analysis follows here. More detailed technical analysis follows here. More detailed technical analysis follows here. More detailed technical analysis follows here. More detailed technical analysis follows here. More detailed technical analysis follows here. More detailed technical analysis follows here. More detailed technical analysis follows here. More detailed technical analysis follows here. More detailed technical analysis follows here. More detailed technical analysis follows here. More detailed technical analysis follows here. More detailed technical analysis follows here. More detailed technical analysis follows here. More detailed technical analysis follows here. More detailed technical analysis follows here. More detailed technical analysis follows here. More detailed technical analysis follows here. More detailed technical analysis follows here. ', 10, 0, 0, 'PUBLISHED', '2026-01-02 10:30:32.518716', '2026-01-02 23:30:32.518716', UNHEX(REPLACE('4d093feb-a6be-41c7-8888-00a4d38953d0', '-', '')), UNHEX(REPLACE('711fd0cd-b380-4dd7-a231-40c29f78f896', '-', '')));
INSERT IGNORE INTO post (id, title, content, reading_time, is_featured, is_trending, post_status, created_at, updated_at, author_id, category_id) VALUES (UNHEX(REPLACE('abfb2687-e612-47fa-bc40-ea751ac21b14', '-', '')), 'Development Insight #33: Strategic Overview', 'Top 10 reasons to invest in Development. From cost efficiency to enhanced performance, we break down the tangible benefits that Development brings to the table. Real-world case studies illustrate the impact of these advantages. More detailed technical analysis follows here. More detailed technical analysis follows here. More detailed technical analysis follows here. More detailed technical analysis follows here. More detailed technical analysis follows here. More detailed technical analysis follows here. More detailed technical analysis follows here. More detailed technical analysis follows here. More detailed technical analysis follows here. More detailed technical analysis follows here. More detailed technical analysis follows here. More detailed technical analysis follows here. More detailed technical analysis follows here. More detailed technical analysis follows here. More detailed technical analysis follows here. More detailed technical analysis follows here. More detailed technical analysis follows here. More detailed technical analysis follows here. More detailed technical analysis follows here. More detailed technical analysis follows here. ', 12, 0, 0, 'PUBLISHED', '2026-01-13 10:30:32.518716', '2026-01-14 01:30:32.518716', UNHEX(REPLACE('1724dfe8-a213-4b7c-90bd-759cbcad2ce3', '-', '')), UNHEX(REPLACE('e7b7667f-f80e-4f7e-9964-496ea60d562c', '-', '')));
INSERT IGNORE INTO post (id, title, content, reading_time, is_featured, is_trending, post_status, created_at, updated_at, author_id, category_id) VALUES (UNHEX(REPLACE('20611b30-53ef-404b-8dfa-65704106e461', '-', '')), 'Automation Insight #34: Strategic Overview', 'A deep dive into Automation strategies. Succeeding with Automation requires a structured approach. This article outlines the key components of a winning strategy and how to navigate common challenges that may arise during implementation. More detailed technical analysis follows here. More detailed technical analysis follows here. More detailed technical analysis follows here. More detailed technical analysis follows here. More detailed technical analysis follows here. More detailed technical analysis follows here. More detailed technical analysis follows here. More detailed technical analysis follows here. More detailed technical analysis follows here. More detailed technical analysis follows here. More detailed technical analysis follows here. More detailed technical analysis follows here. More detailed technical analysis follows here. More detailed technical analysis follows here. More detailed technical analysis follows here. More detailed technical analysis follows here. More detailed technical analysis follows here. More detailed technical analysis follows here. More detailed technical analysis follows here. More detailed technical analysis follows here. ', 8, 0, 0, 'PUBLISHED', '2025-12-26 10:30:32.518716', '2025-12-27 10:30:32.518716', UNHEX(REPLACE('039aebaf-ec2d-4fcd-a01f-31e635f52676', '-', '')), UNHEX(REPLACE('3baf5db6-dce4-4397-8379-d25b6585cc6b', '-', '')));
INSERT IGNORE INTO post (id, title, content, reading_time, is_featured, is_trending, post_status, created_at, updated_at, author_id, category_id) VALUES (UNHEX(REPLACE('499c2e85-efa0-4ed5-8f86-978daf70db16', '-', '')), 'Automation Insight #35: Strategic Overview', 'Why Automation is more important than ever. In today''s rapidly changing landscape, understanding Automation has become a necessity for professionals and organizations alike. We explore the core principles that make Automation a transformative force. More detailed technical analysis follows here. More detailed technical analysis follows here. More detailed technical analysis follows here. More detailed technical analysis follows here. More detailed technical analysis follows here. More detailed technical analysis follows here. More detailed technical analysis follows here. More detailed technical analysis follows here. More detailed technical analysis follows here. More detailed technical analysis follows here. More detailed technical analysis follows here. More detailed technical analysis follows here. More detailed technical analysis follows here. More detailed technical analysis follows here. More detailed technical analysis follows here. More detailed technical analysis follows here. More detailed technical analysis follows here. More detailed technical analysis follows here. More detailed technical analysis follows here. More detailed technical analysis follows here. ', 14, 0, 0, 'PUBLISHED', '2026-01-08 10:30:32.518716', '2026-01-08 12:30:32.518716', UNHEX(REPLACE('258b396f-226f-4996-8bb8-77d2fbcb55f2', '-', '')), UNHEX(REPLACE('3baf5db6-dce4-4397-8379-d25b6585cc6b', '-', '')));
INSERT IGNORE INTO post (id, title, content, reading_time, is_featured, is_trending, post_status, created_at, updated_at, author_id, category_id) VALUES (UNHEX(REPLACE('d5fb518b-0844-4233-888c-ea7967474572', '-', '')), 'Politics Insight #36: Strategic Overview', 'Exploring the depths of Politics. This article provides a comprehensive overview of how Politics is shaping the future of industries. We delve into historical context, current trends, and future predictions that experts are closely monitoring. More detailed technical analysis follows here. More detailed technical analysis follows here. More detailed technical analysis follows here. More detailed technical analysis follows here. More detailed technical analysis follows here. More detailed technical analysis follows here. More detailed technical analysis follows here. More detailed technical analysis follows here. More detailed technical analysis follows here. More detailed technical analysis follows here. More detailed technical analysis follows here. More detailed technical analysis follows here. More detailed technical analysis follows here. More detailed technical analysis follows here. More detailed technical analysis follows here. More detailed technical analysis follows here. More detailed technical analysis follows here. More detailed technical analysis follows here. More detailed technical analysis follows here. More detailed technical analysis follows here. ', 14, 0, 0, 'PUBLISHED', '2025-12-22 10:30:32.518716', '2025-12-22 15:30:32.518716', UNHEX(REPLACE('09aaa830-083a-4fb4-bde6-b5e1ebd88fc4', '-', '')), UNHEX(REPLACE('711fd0cd-b380-4dd7-a231-40c29f78f896', '-', '')));
INSERT IGNORE INTO post (id, title, content, reading_time, is_featured, is_trending, post_status, created_at, updated_at, author_id, category_id) VALUES (UNHEX(REPLACE('2272d2bd-80ba-4db7-b053-a27987756bef', '-', '')), 'Business Insight #37: Strategic Overview', 'The ultimate guide to Business. Whether you''re a beginner or an expert, this piece covers everything you need to know about implementing Business in your daily workflow. We include step-by-step instructions and best practices to ensure success. More detailed technical analysis follows here. More detailed technical analysis follows here. More detailed technical analysis follows here. More detailed technical analysis follows here. More detailed technical analysis follows here. More detailed technical analysis follows here. More detailed technical analysis follows here. More detailed technical analysis follows here. More detailed technical analysis follows here. More detailed technical analysis follows here. More detailed technical analysis follows here. More detailed technical analysis follows here. More detailed technical analysis follows here. More detailed technical analysis follows here. More detailed technical analysis follows here. More detailed technical analysis follows here. More detailed technical analysis follows here. More detailed technical analysis follows here. More detailed technical analysis follows here. More detailed technical analysis follows here. ', 8, 0, 0, 'PUBLISHED', '2026-01-06 10:30:32.518716', '2026-01-06 14:30:32.518716', UNHEX(REPLACE('4d093feb-a6be-41c7-8888-00a4d38953d0', '-', '')), UNHEX(REPLACE('1a6a80fe-47dd-47ce-bc02-d57e8af6ca48', '-', '')));
INSERT IGNORE INTO post (id, title, content, reading_time, is_featured, is_trending, post_status, created_at, updated_at, author_id, category_id) VALUES (UNHEX(REPLACE('4b50df92-bac1-400e-a663-677818bf06ef', '-', '')), 'Engineering Insight #38: Strategic Overview', 'A deep dive into Engineering strategies. Succeeding with Engineering requires a structured approach. This article outlines the key components of a winning strategy and how to navigate common challenges that may arise during implementation. More detailed technical analysis follows here. More detailed technical analysis follows here. More detailed technical analysis follows here. More detailed technical analysis follows here. More detailed technical analysis follows here. More detailed technical analysis follows here. More detailed technical analysis follows here. More detailed technical analysis follows here. More detailed technical analysis follows here. More detailed technical analysis follows here. More detailed technical analysis follows here. More detailed technical analysis follows here. More detailed technical analysis follows here. More detailed technical analysis follows here. More detailed technical analysis follows here. More detailed technical analysis follows here. More detailed technical analysis follows here. More detailed technical analysis follows here. More detailed technical analysis follows here. More detailed technical analysis follows here. ', 10, 0, 0, 'PUBLISHED', '2025-12-20 10:30:32.518716', '2025-12-20 22:30:32.518716', UNHEX(REPLACE('09aaa830-083a-4fb4-bde6-b5e1ebd88fc4', '-', '')), UNHEX(REPLACE('4669ba60-56d1-4754-bbc5-f16fa286b310', '-', '')));
INSERT IGNORE INTO post (id, title, content, reading_time, is_featured, is_trending, post_status, created_at, updated_at, author_id, category_id) VALUES (UNHEX(REPLACE('c02134d0-bbfc-4e08-9865-0364eea2a9b0', '-', '')), 'Management Insight #39: Strategic Overview', 'Why Management is more important than ever. In today''s rapidly changing landscape, understanding Management has become a necessity for professionals and organizations alike. We explore the core principles that make Management a transformative force. More detailed technical analysis follows here. More detailed technical analysis follows here. More detailed technical analysis follows here. More detailed technical analysis follows here. More detailed technical analysis follows here. More detailed technical analysis follows here. More detailed technical analysis follows here. More detailed technical analysis follows here. More detailed technical analysis follows here. More detailed technical analysis follows here. More detailed technical analysis follows here. More detailed technical analysis follows here. More detailed technical analysis follows here. More detailed technical analysis follows here. More detailed technical analysis follows here. More detailed technical analysis follows here. More detailed technical analysis follows here. More detailed technical analysis follows here. More detailed technical analysis follows here. More detailed technical analysis follows here. ', 11, 0, 0, 'PUBLISHED', '2026-01-14 10:30:32.518716', '2026-01-14 21:30:32.518716', UNHEX(REPLACE('c4c102a8-fd78-49e6-966e-dccb2f1e7dc2', '-', '')), UNHEX(REPLACE('74438c16-f100-4222-a2d3-28b9f5644c2e', '-', '')));
INSERT IGNORE INTO post (id, title, content, reading_time, is_featured, is_trending, post_status, created_at, updated_at, author_id, category_id) VALUES (UNHEX(REPLACE('c069eb34-64d5-40b1-904a-bddfee5a9eee', '-', '')), 'Test Insight #40: Strategic Overview', 'Exploring the depths of Test. This article provides a comprehensive overview of how Test is shaping the future of industries. We delve into historical context, current trends, and future predictions that experts are closely monitoring. More detailed technical analysis follows here. More detailed technical analysis follows here. More detailed technical analysis follows here. More detailed technical analysis follows here. More detailed technical analysis follows here. More detailed technical analysis follows here. More detailed technical analysis follows here. More detailed technical analysis follows here. More detailed technical analysis follows here. More detailed technical analysis follows here. More detailed technical analysis follows here. More detailed technical analysis follows here. More detailed technical analysis follows here. More detailed technical analysis follows here. More detailed technical analysis follows here. More detailed technical analysis follows here. More detailed technical analysis follows here. More detailed technical analysis follows here. More detailed technical analysis follows here. More detailed technical analysis follows here. ', 6, 0, 0, 'PUBLISHED', '2026-01-10 10:30:32.519712', '2026-01-11 05:30:32.519712', UNHEX(REPLACE('1724dfe8-a213-4b7c-90bd-759cbcad2ce3', '-', '')), UNHEX(REPLACE('45928691-9be2-4656-8459-a87ce8f00ba8', '-', '')));
INSERT IGNORE INTO post (id, title, content, reading_time, is_featured, is_trending, post_status, created_at, updated_at, author_id, category_id) VALUES (UNHEX(REPLACE('1f469aef-11af-47af-bed4-148f4cc1a7a7', '-', '')), 'Development Insight #41: Strategic Overview', 'Top 10 reasons to invest in Development. From cost efficiency to enhanced performance, we break down the tangible benefits that Development brings to the table. Real-world case studies illustrate the impact of these advantages. More detailed technical analysis follows here. More detailed technical analysis follows here. More detailed technical analysis follows here. More detailed technical analysis follows here. More detailed technical analysis follows here. More detailed technical analysis follows here. More detailed technical analysis follows here. More detailed technical analysis follows here. More detailed technical analysis follows here. More detailed technical analysis follows here. More detailed technical analysis follows here. More detailed technical analysis follows here. More detailed technical analysis follows here. More detailed technical analysis follows here. More detailed technical analysis follows here. More detailed technical analysis follows here. More detailed technical analysis follows here. More detailed technical analysis follows here. More detailed technical analysis follows here. More detailed technical analysis follows here. ', 9, 0, 0, 'PUBLISHED', '2025-12-23 10:30:32.519712', '2025-12-23 17:30:32.519712', UNHEX(REPLACE('1724dfe8-a213-4b7c-90bd-759cbcad2ce3', '-', '')), UNHEX(REPLACE('e7b7667f-f80e-4f7e-9964-496ea60d562c', '-', '')));
INSERT IGNORE INTO post (id, title, content, reading_time, is_featured, is_trending, post_status, created_at, updated_at, author_id, category_id) VALUES (UNHEX(REPLACE('169bc19e-09bf-4481-afa4-bc7534b28063', '-', '')), 'Engineering Insight #42: Strategic Overview', 'Why Engineering is more important than ever. In today''s rapidly changing landscape, understanding Engineering has become a necessity for professionals and organizations alike. We explore the core principles that make Engineering a transformative force. More detailed technical analysis follows here. More detailed technical analysis follows here. More detailed technical analysis follows here. More detailed technical analysis follows here. More detailed technical analysis follows here. More detailed technical analysis follows here. More detailed technical analysis follows here. More detailed technical analysis follows here. More detailed technical analysis follows here. More detailed technical analysis follows here. More detailed technical analysis follows here. More detailed technical analysis follows here. More detailed technical analysis follows here. More detailed technical analysis follows here. More detailed technical analysis follows here. More detailed technical analysis follows here. More detailed technical analysis follows here. More detailed technical analysis follows here. More detailed technical analysis follows here. More detailed technical analysis follows here. ', 14, 0, 0, 'PUBLISHED', '2026-01-12 10:30:32.519712', '2026-01-13 08:30:32.519712', UNHEX(REPLACE('1724dfe8-a213-4b7c-90bd-759cbcad2ce3', '-', '')), UNHEX(REPLACE('4669ba60-56d1-4754-bbc5-f16fa286b310', '-', '')));
INSERT IGNORE INTO post (id, title, content, reading_time, is_featured, is_trending, post_status, created_at, updated_at, author_id, category_id) VALUES (UNHEX(REPLACE('d64cadff-69ac-46b1-82a0-2dbec86f78d8', '-', '')), 'Finance Insight #43: Strategic Overview', 'The ultimate guide to Finance. Whether you''re a beginner or an expert, this piece covers everything you need to know about implementing Finance in your daily workflow. We include step-by-step instructions and best practices to ensure success. More detailed technical analysis follows here. More detailed technical analysis follows here. More detailed technical analysis follows here. More detailed technical analysis follows here. More detailed technical analysis follows here. More detailed technical analysis follows here. More detailed technical analysis follows here. More detailed technical analysis follows here. More detailed technical analysis follows here. More detailed technical analysis follows here. More detailed technical analysis follows here. More detailed technical analysis follows here. More detailed technical analysis follows here. More detailed technical analysis follows here. More detailed technical analysis follows here. More detailed technical analysis follows here. More detailed technical analysis follows here. More detailed technical analysis follows here. More detailed technical analysis follows here. More detailed technical analysis follows here. ', 6, 0, 0, 'PUBLISHED', '2025-12-17 10:30:32.519712', '2025-12-18 00:30:32.519712', UNHEX(REPLACE('41efc079-a232-4631-8674-847e5acf6ab5', '-', '')), UNHEX(REPLACE('27a66795-6ddd-47c1-aca0-bbfded14b8e5', '-', '')));
INSERT IGNORE INTO post (id, title, content, reading_time, is_featured, is_trending, post_status, created_at, updated_at, author_id, category_id) VALUES (UNHEX(REPLACE('c20ec5ea-a56c-4fb3-b2e7-b89b1384dd3c', '-', '')), 'Technology Insight #44: Strategic Overview', 'Exploring the depths of Technology. This article provides a comprehensive overview of how Technology is shaping the future of industries. We delve into historical context, current trends, and future predictions that experts are closely monitoring. More detailed technical analysis follows here. More detailed technical analysis follows here. More detailed technical analysis follows here. More detailed technical analysis follows here. More detailed technical analysis follows here. More detailed technical analysis follows here. More detailed technical analysis follows here. More detailed technical analysis follows here. More detailed technical analysis follows here. More detailed technical analysis follows here. More detailed technical analysis follows here. More detailed technical analysis follows here. More detailed technical analysis follows here. More detailed technical analysis follows here. More detailed technical analysis follows here. More detailed technical analysis follows here. More detailed technical analysis follows here. More detailed technical analysis follows here. More detailed technical analysis follows here. More detailed technical analysis follows here. ', 15, 0, 0, 'PUBLISHED', '2025-12-19 10:30:32.519712', '2025-12-19 18:30:32.519712', UNHEX(REPLACE('1724dfe8-a213-4b7c-90bd-759cbcad2ce3', '-', '')), UNHEX(REPLACE('80adffe7-89a8-4ebd-b9f3-c54c4f943d11', '-', '')));
INSERT IGNORE INTO post (id, title, content, reading_time, is_featured, is_trending, post_status, created_at, updated_at, author_id, category_id) VALUES (UNHEX(REPLACE('a10ab671-83f5-4d96-820d-6cf48a7dac94', '-', '')), 'Development Insight #45: Strategic Overview', 'Why Development is more important than ever. In today''s rapidly changing landscape, understanding Development has become a necessity for professionals and organizations alike. We explore the core principles that make Development a transformative force. More detailed technical analysis follows here. More detailed technical analysis follows here. More detailed technical analysis follows here. More detailed technical analysis follows here. More detailed technical analysis follows here. More detailed technical analysis follows here. More detailed technical analysis follows here. More detailed technical analysis follows here. More detailed technical analysis follows here. More detailed technical analysis follows here. More detailed technical analysis follows here. More detailed technical analysis follows here. More detailed technical analysis follows here. More detailed technical analysis follows here. More detailed technical analysis follows here. More detailed technical analysis follows here. More detailed technical analysis follows here. More detailed technical analysis follows here. More detailed technical analysis follows here. More detailed technical analysis follows here. ', 9, 0, 0, 'PUBLISHED', '2025-12-28 10:30:32.519712', '2025-12-28 18:30:32.519712', UNHEX(REPLACE('09aaa830-083a-4fb4-bde6-b5e1ebd88fc4', '-', '')), UNHEX(REPLACE('e7b7667f-f80e-4f7e-9964-496ea60d562c', '-', '')));
INSERT IGNORE INTO post (id, title, content, reading_time, is_featured, is_trending, post_status, created_at, updated_at, author_id, category_id) VALUES (UNHEX(REPLACE('b62b6a91-aacd-4820-87e2-0bb8f665bd42', '-', '')), 'Business Insight #46: Strategic Overview', 'Exploring the depths of Business. This article provides a comprehensive overview of how Business is shaping the future of industries. We delve into historical context, current trends, and future predictions that experts are closely monitoring. More detailed technical analysis follows here. More detailed technical analysis follows here. More detailed technical analysis follows here. More detailed technical analysis follows here. More detailed technical analysis follows here. More detailed technical analysis follows here. More detailed technical analysis follows here. More detailed technical analysis follows here. More detailed technical analysis follows here. More detailed technical analysis follows here. More detailed technical analysis follows here. More detailed technical analysis follows here. More detailed technical analysis follows here. More detailed technical analysis follows here. More detailed technical analysis follows here. More detailed technical analysis follows here. More detailed technical analysis follows here. More detailed technical analysis follows here. More detailed technical analysis follows here. More detailed technical analysis follows here. ', 6, 0, 0, 'PUBLISHED', '2026-01-03 10:30:32.519712', '2026-01-04 09:30:32.519712', UNHEX(REPLACE('4d093feb-a6be-41c7-8888-00a4d38953d0', '-', '')), UNHEX(REPLACE('1a6a80fe-47dd-47ce-bc02-d57e8af6ca48', '-', '')));
INSERT IGNORE INTO post (id, title, content, reading_time, is_featured, is_trending, post_status, created_at, updated_at, author_id, category_id) VALUES (UNHEX(REPLACE('1b7a16d0-3b94-46cc-8643-2347c9c27bca', '-', '')), 'Test Insight #47: Strategic Overview', 'Top 10 reasons to invest in Test. From cost efficiency to enhanced performance, we break down the tangible benefits that Test brings to the table. Real-world case studies illustrate the impact of these advantages. More detailed technical analysis follows here. More detailed technical analysis follows here. More detailed technical analysis follows here. More detailed technical analysis follows here. More detailed technical analysis follows here. More detailed technical analysis follows here. More detailed technical analysis follows here. More detailed technical analysis follows here. More detailed technical analysis follows here. More detailed technical analysis follows here. More detailed technical analysis follows here. More detailed technical analysis follows here. More detailed technical analysis follows here. More detailed technical analysis follows here. More detailed technical analysis follows here. More detailed technical analysis follows here. More detailed technical analysis follows here. More detailed technical analysis follows here. More detailed technical analysis follows here. More detailed technical analysis follows here. ', 10, 0, 0, 'PUBLISHED', '2025-12-19 10:30:32.519712', '2025-12-20 01:30:32.519712', UNHEX(REPLACE('c4c102a8-fd78-49e6-966e-dccb2f1e7dc2', '-', '')), UNHEX(REPLACE('45928691-9be2-4656-8459-a87ce8f00ba8', '-', '')));
INSERT IGNORE INTO post (id, title, content, reading_time, is_featured, is_trending, post_status, created_at, updated_at, author_id, category_id) VALUES (UNHEX(REPLACE('977cb073-a2ba-40fb-beaa-cff321f49f03', '-', '')), 'Infrastructure Insight #48: Strategic Overview', 'Exploring the depths of Infrastructure. This article provides a comprehensive overview of how Infrastructure is shaping the future of industries. We delve into historical context, current trends, and future predictions that experts are closely monitoring. More detailed technical analysis follows here. More detailed technical analysis follows here. More detailed technical analysis follows here. More detailed technical analysis follows here. More detailed technical analysis follows here. More detailed technical analysis follows here. More detailed technical analysis follows here. More detailed technical analysis follows here. More detailed technical analysis follows here. More detailed technical analysis follows here. More detailed technical analysis follows here. More detailed technical analysis follows here. More detailed technical analysis follows here. More detailed technical analysis follows here. More detailed technical analysis follows here. More detailed technical analysis follows here. More detailed technical analysis follows here. More detailed technical analysis follows here. More detailed technical analysis follows here. More detailed technical analysis follows here. ', 7, 0, 0, 'PUBLISHED', '2026-01-02 10:30:32.519712', '2026-01-02 11:30:32.519712', UNHEX(REPLACE('859afa4d-d98c-443e-9d9e-b9db7187a79a', '-', '')), UNHEX(REPLACE('94d7df64-9141-4415-af29-2f975ba7294b', '-', '')));
INSERT IGNORE INTO post (id, title, content, reading_time, is_featured, is_trending, post_status, created_at, updated_at, author_id, category_id) VALUES (UNHEX(REPLACE('d685d8ec-4651-4569-8a0d-5c1f58fdc63f', '-', '')), 'Politics Insight #49: Strategic Overview', 'Top 10 reasons to invest in Politics. From cost efficiency to enhanced performance, we break down the tangible benefits that Politics brings to the table. Real-world case studies illustrate the impact of these advantages. More detailed technical analysis follows here. More detailed technical analysis follows here. More detailed technical analysis follows here. More detailed technical analysis follows here. More detailed technical analysis follows here. More detailed technical analysis follows here. More detailed technical analysis follows here. More detailed technical analysis follows here. More detailed technical analysis follows here. More detailed technical analysis follows here. More detailed technical analysis follows here. More detailed technical analysis follows here. More detailed technical analysis follows here. More detailed technical analysis follows here. More detailed technical analysis follows here. More detailed technical analysis follows here. More detailed technical analysis follows here. More detailed technical analysis follows here. More detailed technical analysis follows here. More detailed technical analysis follows here. ', 13, 0, 0, 'PUBLISHED', '2025-12-23 10:30:32.519712', '2025-12-23 20:30:32.519712', UNHEX(REPLACE('09aaa830-083a-4fb4-bde6-b5e1ebd88fc4', '-', '')), UNHEX(REPLACE('711fd0cd-b380-4dd7-a231-40c29f78f896', '-', '')));
INSERT IGNORE INTO post (id, title, content, reading_time, is_featured, is_trending, post_status, created_at, updated_at, author_id, category_id) VALUES (UNHEX(REPLACE('7c9303e7-a774-40bb-b7a6-45f994134caa', '-', '')), 'Finance Insight #50: Strategic Overview', 'A deep dive into Finance strategies. Succeeding with Finance requires a structured approach. This article outlines the key components of a winning strategy and how to navigate common challenges that may arise during implementation. More detailed technical analysis follows here. More detailed technical analysis follows here. More detailed technical analysis follows here. More detailed technical analysis follows here. More detailed technical analysis follows here. More detailed technical analysis follows here. More detailed technical analysis follows here. More detailed technical analysis follows here. More detailed technical analysis follows here. More detailed technical analysis follows here. More detailed technical analysis follows here. More detailed technical analysis follows here. More detailed technical analysis follows here. More detailed technical analysis follows here. More detailed technical analysis follows here. More detailed technical analysis follows here. More detailed technical analysis follows here. More detailed technical analysis follows here. More detailed technical analysis follows here. More detailed technical analysis follows here. ', 15, 0, 0, 'PUBLISHED', '2025-12-22 10:30:32.520718', '2025-12-23 04:30:32.520718', UNHEX(REPLACE('09aaa830-083a-4fb4-bde6-b5e1ebd88fc4', '-', '')), UNHEX(REPLACE('27a66795-6ddd-47c1-aca0-bbfded14b8e5', '-', '')));

-- Post-Tag Relationships
INSERT IGNORE INTO post_tag (post_id, tag_id) VALUES (UNHEX(REPLACE('cab563ef-5a01-417d-bc99-7894c8500a39', '-', '')), UNHEX(REPLACE('5dfdfb8e-bba6-423f-9563-1fe401905741', '-', '')));
INSERT IGNORE INTO post_tag (post_id, tag_id) VALUES (UNHEX(REPLACE('cab563ef-5a01-417d-bc99-7894c8500a39', '-', '')), UNHEX(REPLACE('37be1cb8-df59-4158-a4ab-532263d9a529', '-', '')));
INSERT IGNORE INTO post_tag (post_id, tag_id) VALUES (UNHEX(REPLACE('38ee8443-9ebc-4d23-9fa5-aaf4a0408be2', '-', '')), UNHEX(REPLACE('37be1cb8-df59-4158-a4ab-532263d9a529', '-', '')));
INSERT IGNORE INTO post_tag (post_id, tag_id) VALUES (UNHEX(REPLACE('38ee8443-9ebc-4d23-9fa5-aaf4a0408be2', '-', '')), UNHEX(REPLACE('f15a3ad4-4a57-41a1-ba0f-9263410a5d66', '-', '')));
INSERT IGNORE INTO post_tag (post_id, tag_id) VALUES (UNHEX(REPLACE('58a7ee61-bd27-4913-8787-58adee3c716f', '-', '')), UNHEX(REPLACE('7008e8d3-b903-48f8-bfb6-c866eb1f89d8', '-', '')));
INSERT IGNORE INTO post_tag (post_id, tag_id) VALUES (UNHEX(REPLACE('58a7ee61-bd27-4913-8787-58adee3c716f', '-', '')), UNHEX(REPLACE('37be1cb8-df59-4158-a4ab-532263d9a529', '-', '')));
INSERT IGNORE INTO post_tag (post_id, tag_id) VALUES (UNHEX(REPLACE('58a7ee61-bd27-4913-8787-58adee3c716f', '-', '')), UNHEX(REPLACE('b564b38c-2ff9-4238-a531-e2a15cbc27e6', '-', '')));
INSERT IGNORE INTO post_tag (post_id, tag_id) VALUES (UNHEX(REPLACE('29797a85-8459-406d-8ac3-9389082f1890', '-', '')), UNHEX(REPLACE('a8c490bd-690b-4cc2-bb76-4325b80779e1', '-', '')));
INSERT IGNORE INTO post_tag (post_id, tag_id) VALUES (UNHEX(REPLACE('29797a85-8459-406d-8ac3-9389082f1890', '-', '')), UNHEX(REPLACE('49874c47-c7dc-450d-8b84-e358c062499d', '-', '')));
INSERT IGNORE INTO post_tag (post_id, tag_id) VALUES (UNHEX(REPLACE('29797a85-8459-406d-8ac3-9389082f1890', '-', '')), UNHEX(REPLACE('b564b38c-2ff9-4238-a531-e2a15cbc27e6', '-', '')));
INSERT IGNORE INTO post_tag (post_id, tag_id) VALUES (UNHEX(REPLACE('134fd308-4b84-4840-96e4-5f52e08165ea', '-', '')), UNHEX(REPLACE('b564b38c-2ff9-4238-a531-e2a15cbc27e6', '-', '')));
INSERT IGNORE INTO post_tag (post_id, tag_id) VALUES (UNHEX(REPLACE('a003fb83-3922-4dfe-9ace-dfbc341ed6fc', '-', '')), UNHEX(REPLACE('1fc5ea5a-2798-4bf6-bbbe-697a1af1bcd9', '-', '')));
INSERT IGNORE INTO post_tag (post_id, tag_id) VALUES (UNHEX(REPLACE('a003fb83-3922-4dfe-9ace-dfbc341ed6fc', '-', '')), UNHEX(REPLACE('f15a3ad4-4a57-41a1-ba0f-9263410a5d66', '-', '')));
INSERT IGNORE INTO post_tag (post_id, tag_id) VALUES (UNHEX(REPLACE('a003fb83-3922-4dfe-9ace-dfbc341ed6fc', '-', '')), UNHEX(REPLACE('b564b38c-2ff9-4238-a531-e2a15cbc27e6', '-', '')));
INSERT IGNORE INTO post_tag (post_id, tag_id) VALUES (UNHEX(REPLACE('87541074-d854-40ef-8b56-d1f8c9a0ef62', '-', '')), UNHEX(REPLACE('37be1cb8-df59-4158-a4ab-532263d9a529', '-', '')));
INSERT IGNORE INTO post_tag (post_id, tag_id) VALUES (UNHEX(REPLACE('80c8a47b-932f-4bc3-be2f-881352145eda', '-', '')), UNHEX(REPLACE('37be1cb8-df59-4158-a4ab-532263d9a529', '-', '')));
INSERT IGNORE INTO post_tag (post_id, tag_id) VALUES (UNHEX(REPLACE('80c8a47b-932f-4bc3-be2f-881352145eda', '-', '')), UNHEX(REPLACE('a8c490bd-690b-4cc2-bb76-4325b80779e1', '-', '')));
INSERT IGNORE INTO post_tag (post_id, tag_id) VALUES (UNHEX(REPLACE('80c8a47b-932f-4bc3-be2f-881352145eda', '-', '')), UNHEX(REPLACE('b564b38c-2ff9-4238-a531-e2a15cbc27e6', '-', '')));
INSERT IGNORE INTO post_tag (post_id, tag_id) VALUES (UNHEX(REPLACE('64d60e11-df93-4c36-98ff-90a22844064b', '-', '')), UNHEX(REPLACE('1fc5ea5a-2798-4bf6-bbbe-697a1af1bcd9', '-', '')));
INSERT IGNORE INTO post_tag (post_id, tag_id) VALUES (UNHEX(REPLACE('64d60e11-df93-4c36-98ff-90a22844064b', '-', '')), UNHEX(REPLACE('b564b38c-2ff9-4238-a531-e2a15cbc27e6', '-', '')));
INSERT IGNORE INTO post_tag (post_id, tag_id) VALUES (UNHEX(REPLACE('b187f4cc-c50e-4966-9212-96100e812664', '-', '')), UNHEX(REPLACE('673cfa51-1aa2-4894-addb-5ae35ff2cce6', '-', '')));
INSERT IGNORE INTO post_tag (post_id, tag_id) VALUES (UNHEX(REPLACE('b187f4cc-c50e-4966-9212-96100e812664', '-', '')), UNHEX(REPLACE('37be1cb8-df59-4158-a4ab-532263d9a529', '-', '')));
INSERT IGNORE INTO post_tag (post_id, tag_id) VALUES (UNHEX(REPLACE('e4ecae73-37c7-4f20-8316-24c2d2ca928e', '-', '')), UNHEX(REPLACE('49874c47-c7dc-450d-8b84-e358c062499d', '-', '')));
INSERT IGNORE INTO post_tag (post_id, tag_id) VALUES (UNHEX(REPLACE('e4ecae73-37c7-4f20-8316-24c2d2ca928e', '-', '')), UNHEX(REPLACE('1fc5ea5a-2798-4bf6-bbbe-697a1af1bcd9', '-', '')));
INSERT IGNORE INTO post_tag (post_id, tag_id) VALUES (UNHEX(REPLACE('e4ecae73-37c7-4f20-8316-24c2d2ca928e', '-', '')), UNHEX(REPLACE('f15a3ad4-4a57-41a1-ba0f-9263410a5d66', '-', '')));
INSERT IGNORE INTO post_tag (post_id, tag_id) VALUES (UNHEX(REPLACE('5c0ea931-ab57-4cd9-9585-2ce957b5fdec', '-', '')), UNHEX(REPLACE('5dfdfb8e-bba6-423f-9563-1fe401905741', '-', '')));
INSERT IGNORE INTO post_tag (post_id, tag_id) VALUES (UNHEX(REPLACE('047942e2-5467-4b9f-9dbc-d3bc535959c3', '-', '')), UNHEX(REPLACE('b564b38c-2ff9-4238-a531-e2a15cbc27e6', '-', '')));
INSERT IGNORE INTO post_tag (post_id, tag_id) VALUES (UNHEX(REPLACE('047942e2-5467-4b9f-9dbc-d3bc535959c3', '-', '')), UNHEX(REPLACE('5e72227a-4c5b-44e8-956a-937e610442bb', '-', '')));
INSERT IGNORE INTO post_tag (post_id, tag_id) VALUES (UNHEX(REPLACE('047942e2-5467-4b9f-9dbc-d3bc535959c3', '-', '')), UNHEX(REPLACE('f15a3ad4-4a57-41a1-ba0f-9263410a5d66', '-', '')));
INSERT IGNORE INTO post_tag (post_id, tag_id) VALUES (UNHEX(REPLACE('e110e445-d191-4fe9-9739-12be722c015b', '-', '')), UNHEX(REPLACE('1fc5ea5a-2798-4bf6-bbbe-697a1af1bcd9', '-', '')));
INSERT IGNORE INTO post_tag (post_id, tag_id) VALUES (UNHEX(REPLACE('e110e445-d191-4fe9-9739-12be722c015b', '-', '')), UNHEX(REPLACE('7008e8d3-b903-48f8-bfb6-c866eb1f89d8', '-', '')));
INSERT IGNORE INTO post_tag (post_id, tag_id) VALUES (UNHEX(REPLACE('e110e445-d191-4fe9-9739-12be722c015b', '-', '')), UNHEX(REPLACE('a8c490bd-690b-4cc2-bb76-4325b80779e1', '-', '')));
INSERT IGNORE INTO post_tag (post_id, tag_id) VALUES (UNHEX(REPLACE('9a64de8b-9658-47e4-bc10-54716ee0bf42', '-', '')), UNHEX(REPLACE('a8c490bd-690b-4cc2-bb76-4325b80779e1', '-', '')));
INSERT IGNORE INTO post_tag (post_id, tag_id) VALUES (UNHEX(REPLACE('a54eceb4-813f-48e2-aac1-112ef664d48d', '-', '')), UNHEX(REPLACE('b564b38c-2ff9-4238-a531-e2a15cbc27e6', '-', '')));
INSERT IGNORE INTO post_tag (post_id, tag_id) VALUES (UNHEX(REPLACE('d51fd602-209c-45f3-a90d-e52df50a3bf5', '-', '')), UNHEX(REPLACE('5dfdfb8e-bba6-423f-9563-1fe401905741', '-', '')));
INSERT IGNORE INTO post_tag (post_id, tag_id) VALUES (UNHEX(REPLACE('4a6e3a1c-6de8-43a2-b603-fb7178e0ef91', '-', '')), UNHEX(REPLACE('a8c490bd-690b-4cc2-bb76-4325b80779e1', '-', '')));
INSERT IGNORE INTO post_tag (post_id, tag_id) VALUES (UNHEX(REPLACE('aba2c2f1-5682-4b63-b489-09e7e4d03f00', '-', '')), UNHEX(REPLACE('37be1cb8-df59-4158-a4ab-532263d9a529', '-', '')));
INSERT IGNORE INTO post_tag (post_id, tag_id) VALUES (UNHEX(REPLACE('aba2c2f1-5682-4b63-b489-09e7e4d03f00', '-', '')), UNHEX(REPLACE('7008e8d3-b903-48f8-bfb6-c866eb1f89d8', '-', '')));
INSERT IGNORE INTO post_tag (post_id, tag_id) VALUES (UNHEX(REPLACE('aba2c2f1-5682-4b63-b489-09e7e4d03f00', '-', '')), UNHEX(REPLACE('5dfdfb8e-bba6-423f-9563-1fe401905741', '-', '')));
INSERT IGNORE INTO post_tag (post_id, tag_id) VALUES (UNHEX(REPLACE('79d16391-c1d3-4b63-b797-c0feaacd9d2e', '-', '')), UNHEX(REPLACE('1fc5ea5a-2798-4bf6-bbbe-697a1af1bcd9', '-', '')));
INSERT IGNORE INTO post_tag (post_id, tag_id) VALUES (UNHEX(REPLACE('79d16391-c1d3-4b63-b797-c0feaacd9d2e', '-', '')), UNHEX(REPLACE('05109d4f-a4de-414e-af1c-1491331fb797', '-', '')));
INSERT IGNORE INTO post_tag (post_id, tag_id) VALUES (UNHEX(REPLACE('79d16391-c1d3-4b63-b797-c0feaacd9d2e', '-', '')), UNHEX(REPLACE('37be1cb8-df59-4158-a4ab-532263d9a529', '-', '')));
INSERT IGNORE INTO post_tag (post_id, tag_id) VALUES (UNHEX(REPLACE('9465fe53-b4f5-4cd4-b691-90f777dd1074', '-', '')), UNHEX(REPLACE('5dfdfb8e-bba6-423f-9563-1fe401905741', '-', '')));
INSERT IGNORE INTO post_tag (post_id, tag_id) VALUES (UNHEX(REPLACE('3d4058bf-af90-4675-97ae-932cd8edae7c', '-', '')), UNHEX(REPLACE('a8c490bd-690b-4cc2-bb76-4325b80779e1', '-', '')));
INSERT IGNORE INTO post_tag (post_id, tag_id) VALUES (UNHEX(REPLACE('7888e423-4392-4eaf-8da8-6d924b279da6', '-', '')), UNHEX(REPLACE('05109d4f-a4de-414e-af1c-1491331fb797', '-', '')));
INSERT IGNORE INTO post_tag (post_id, tag_id) VALUES (UNHEX(REPLACE('8273c51f-d36e-445d-b5fb-ef1a06c60ed6', '-', '')), UNHEX(REPLACE('49874c47-c7dc-450d-8b84-e358c062499d', '-', '')));
INSERT IGNORE INTO post_tag (post_id, tag_id) VALUES (UNHEX(REPLACE('8273c51f-d36e-445d-b5fb-ef1a06c60ed6', '-', '')), UNHEX(REPLACE('673cfa51-1aa2-4894-addb-5ae35ff2cce6', '-', '')));
INSERT IGNORE INTO post_tag (post_id, tag_id) VALUES (UNHEX(REPLACE('3460b997-7982-4925-8a8c-4f0feee43ac2', '-', '')), UNHEX(REPLACE('b564b38c-2ff9-4238-a531-e2a15cbc27e6', '-', '')));
INSERT IGNORE INTO post_tag (post_id, tag_id) VALUES (UNHEX(REPLACE('3460b997-7982-4925-8a8c-4f0feee43ac2', '-', '')), UNHEX(REPLACE('37be1cb8-df59-4158-a4ab-532263d9a529', '-', '')));
INSERT IGNORE INTO post_tag (post_id, tag_id) VALUES (UNHEX(REPLACE('3460b997-7982-4925-8a8c-4f0feee43ac2', '-', '')), UNHEX(REPLACE('7008e8d3-b903-48f8-bfb6-c866eb1f89d8', '-', '')));
INSERT IGNORE INTO post_tag (post_id, tag_id) VALUES (UNHEX(REPLACE('ccd86954-f5e5-4ab0-98d0-1cb3b3830ab6', '-', '')), UNHEX(REPLACE('05109d4f-a4de-414e-af1c-1491331fb797', '-', '')));
INSERT IGNORE INTO post_tag (post_id, tag_id) VALUES (UNHEX(REPLACE('ccd86954-f5e5-4ab0-98d0-1cb3b3830ab6', '-', '')), UNHEX(REPLACE('49874c47-c7dc-450d-8b84-e358c062499d', '-', '')));
INSERT IGNORE INTO post_tag (post_id, tag_id) VALUES (UNHEX(REPLACE('0d251428-7a48-4c3c-b1f1-7e2405ceb848', '-', '')), UNHEX(REPLACE('5e72227a-4c5b-44e8-956a-937e610442bb', '-', '')));
INSERT IGNORE INTO post_tag (post_id, tag_id) VALUES (UNHEX(REPLACE('0d251428-7a48-4c3c-b1f1-7e2405ceb848', '-', '')), UNHEX(REPLACE('49874c47-c7dc-450d-8b84-e358c062499d', '-', '')));
INSERT IGNORE INTO post_tag (post_id, tag_id) VALUES (UNHEX(REPLACE('0d251428-7a48-4c3c-b1f1-7e2405ceb848', '-', '')), UNHEX(REPLACE('7008e8d3-b903-48f8-bfb6-c866eb1f89d8', '-', '')));
INSERT IGNORE INTO post_tag (post_id, tag_id) VALUES (UNHEX(REPLACE('5643d1ae-0a1a-4480-81d1-fbcf230697ae', '-', '')), UNHEX(REPLACE('05109d4f-a4de-414e-af1c-1491331fb797', '-', '')));
INSERT IGNORE INTO post_tag (post_id, tag_id) VALUES (UNHEX(REPLACE('7435ea00-3a86-407a-9444-5399c2079270', '-', '')), UNHEX(REPLACE('37be1cb8-df59-4158-a4ab-532263d9a529', '-', '')));
INSERT IGNORE INTO post_tag (post_id, tag_id) VALUES (UNHEX(REPLACE('7435ea00-3a86-407a-9444-5399c2079270', '-', '')), UNHEX(REPLACE('7008e8d3-b903-48f8-bfb6-c866eb1f89d8', '-', '')));
INSERT IGNORE INTO post_tag (post_id, tag_id) VALUES (UNHEX(REPLACE('81da1d20-fee2-4552-8b39-460ea01b6fdb', '-', '')), UNHEX(REPLACE('05109d4f-a4de-414e-af1c-1491331fb797', '-', '')));
INSERT IGNORE INTO post_tag (post_id, tag_id) VALUES (UNHEX(REPLACE('81da1d20-fee2-4552-8b39-460ea01b6fdb', '-', '')), UNHEX(REPLACE('b564b38c-2ff9-4238-a531-e2a15cbc27e6', '-', '')));
INSERT IGNORE INTO post_tag (post_id, tag_id) VALUES (UNHEX(REPLACE('81da1d20-fee2-4552-8b39-460ea01b6fdb', '-', '')), UNHEX(REPLACE('1fc5ea5a-2798-4bf6-bbbe-697a1af1bcd9', '-', '')));
INSERT IGNORE INTO post_tag (post_id, tag_id) VALUES (UNHEX(REPLACE('711cfdbd-5b33-4373-9b74-1c13609f15c1', '-', '')), UNHEX(REPLACE('a8c490bd-690b-4cc2-bb76-4325b80779e1', '-', '')));
INSERT IGNORE INTO post_tag (post_id, tag_id) VALUES (UNHEX(REPLACE('711cfdbd-5b33-4373-9b74-1c13609f15c1', '-', '')), UNHEX(REPLACE('b564b38c-2ff9-4238-a531-e2a15cbc27e6', '-', '')));
INSERT IGNORE INTO post_tag (post_id, tag_id) VALUES (UNHEX(REPLACE('cce9f13b-0d46-4be1-b941-6e9843bb86d7', '-', '')), UNHEX(REPLACE('b564b38c-2ff9-4238-a531-e2a15cbc27e6', '-', '')));
INSERT IGNORE INTO post_tag (post_id, tag_id) VALUES (UNHEX(REPLACE('cce9f13b-0d46-4be1-b941-6e9843bb86d7', '-', '')), UNHEX(REPLACE('5dfdfb8e-bba6-423f-9563-1fe401905741', '-', '')));
INSERT IGNORE INTO post_tag (post_id, tag_id) VALUES (UNHEX(REPLACE('cce9f13b-0d46-4be1-b941-6e9843bb86d7', '-', '')), UNHEX(REPLACE('37be1cb8-df59-4158-a4ab-532263d9a529', '-', '')));
INSERT IGNORE INTO post_tag (post_id, tag_id) VALUES (UNHEX(REPLACE('abfb2687-e612-47fa-bc40-ea751ac21b14', '-', '')), UNHEX(REPLACE('1fc5ea5a-2798-4bf6-bbbe-697a1af1bcd9', '-', '')));
INSERT IGNORE INTO post_tag (post_id, tag_id) VALUES (UNHEX(REPLACE('abfb2687-e612-47fa-bc40-ea751ac21b14', '-', '')), UNHEX(REPLACE('673cfa51-1aa2-4894-addb-5ae35ff2cce6', '-', '')));
INSERT IGNORE INTO post_tag (post_id, tag_id) VALUES (UNHEX(REPLACE('abfb2687-e612-47fa-bc40-ea751ac21b14', '-', '')), UNHEX(REPLACE('5dfdfb8e-bba6-423f-9563-1fe401905741', '-', '')));
INSERT IGNORE INTO post_tag (post_id, tag_id) VALUES (UNHEX(REPLACE('20611b30-53ef-404b-8dfa-65704106e461', '-', '')), UNHEX(REPLACE('1fc5ea5a-2798-4bf6-bbbe-697a1af1bcd9', '-', '')));
INSERT IGNORE INTO post_tag (post_id, tag_id) VALUES (UNHEX(REPLACE('20611b30-53ef-404b-8dfa-65704106e461', '-', '')), UNHEX(REPLACE('5e72227a-4c5b-44e8-956a-937e610442bb', '-', '')));
INSERT IGNORE INTO post_tag (post_id, tag_id) VALUES (UNHEX(REPLACE('499c2e85-efa0-4ed5-8f86-978daf70db16', '-', '')), UNHEX(REPLACE('b564b38c-2ff9-4238-a531-e2a15cbc27e6', '-', '')));
INSERT IGNORE INTO post_tag (post_id, tag_id) VALUES (UNHEX(REPLACE('499c2e85-efa0-4ed5-8f86-978daf70db16', '-', '')), UNHEX(REPLACE('05109d4f-a4de-414e-af1c-1491331fb797', '-', '')));
INSERT IGNORE INTO post_tag (post_id, tag_id) VALUES (UNHEX(REPLACE('d5fb518b-0844-4233-888c-ea7967474572', '-', '')), UNHEX(REPLACE('5dfdfb8e-bba6-423f-9563-1fe401905741', '-', '')));
INSERT IGNORE INTO post_tag (post_id, tag_id) VALUES (UNHEX(REPLACE('d5fb518b-0844-4233-888c-ea7967474572', '-', '')), UNHEX(REPLACE('5e72227a-4c5b-44e8-956a-937e610442bb', '-', '')));
INSERT IGNORE INTO post_tag (post_id, tag_id) VALUES (UNHEX(REPLACE('2272d2bd-80ba-4db7-b053-a27987756bef', '-', '')), UNHEX(REPLACE('b564b38c-2ff9-4238-a531-e2a15cbc27e6', '-', '')));
INSERT IGNORE INTO post_tag (post_id, tag_id) VALUES (UNHEX(REPLACE('2272d2bd-80ba-4db7-b053-a27987756bef', '-', '')), UNHEX(REPLACE('673cfa51-1aa2-4894-addb-5ae35ff2cce6', '-', '')));
INSERT IGNORE INTO post_tag (post_id, tag_id) VALUES (UNHEX(REPLACE('4b50df92-bac1-400e-a663-677818bf06ef', '-', '')), UNHEX(REPLACE('05109d4f-a4de-414e-af1c-1491331fb797', '-', '')));
INSERT IGNORE INTO post_tag (post_id, tag_id) VALUES (UNHEX(REPLACE('c02134d0-bbfc-4e08-9865-0364eea2a9b0', '-', '')), UNHEX(REPLACE('05109d4f-a4de-414e-af1c-1491331fb797', '-', '')));
INSERT IGNORE INTO post_tag (post_id, tag_id) VALUES (UNHEX(REPLACE('c069eb34-64d5-40b1-904a-bddfee5a9eee', '-', '')), UNHEX(REPLACE('673cfa51-1aa2-4894-addb-5ae35ff2cce6', '-', '')));
INSERT IGNORE INTO post_tag (post_id, tag_id) VALUES (UNHEX(REPLACE('1f469aef-11af-47af-bed4-148f4cc1a7a7', '-', '')), UNHEX(REPLACE('05109d4f-a4de-414e-af1c-1491331fb797', '-', '')));
INSERT IGNORE INTO post_tag (post_id, tag_id) VALUES (UNHEX(REPLACE('1f469aef-11af-47af-bed4-148f4cc1a7a7', '-', '')), UNHEX(REPLACE('673cfa51-1aa2-4894-addb-5ae35ff2cce6', '-', '')));
INSERT IGNORE INTO post_tag (post_id, tag_id) VALUES (UNHEX(REPLACE('169bc19e-09bf-4481-afa4-bc7534b28063', '-', '')), UNHEX(REPLACE('1fc5ea5a-2798-4bf6-bbbe-697a1af1bcd9', '-', '')));
INSERT IGNORE INTO post_tag (post_id, tag_id) VALUES (UNHEX(REPLACE('d64cadff-69ac-46b1-82a0-2dbec86f78d8', '-', '')), UNHEX(REPLACE('b564b38c-2ff9-4238-a531-e2a15cbc27e6', '-', '')));
INSERT IGNORE INTO post_tag (post_id, tag_id) VALUES (UNHEX(REPLACE('c20ec5ea-a56c-4fb3-b2e7-b89b1384dd3c', '-', '')), UNHEX(REPLACE('f15a3ad4-4a57-41a1-ba0f-9263410a5d66', '-', '')));
INSERT IGNORE INTO post_tag (post_id, tag_id) VALUES (UNHEX(REPLACE('a10ab671-83f5-4d96-820d-6cf48a7dac94', '-', '')), UNHEX(REPLACE('7008e8d3-b903-48f8-bfb6-c866eb1f89d8', '-', '')));
INSERT IGNORE INTO post_tag (post_id, tag_id) VALUES (UNHEX(REPLACE('b62b6a91-aacd-4820-87e2-0bb8f665bd42', '-', '')), UNHEX(REPLACE('5e72227a-4c5b-44e8-956a-937e610442bb', '-', '')));
INSERT IGNORE INTO post_tag (post_id, tag_id) VALUES (UNHEX(REPLACE('1b7a16d0-3b94-46cc-8643-2347c9c27bca', '-', '')), UNHEX(REPLACE('37be1cb8-df59-4158-a4ab-532263d9a529', '-', '')));
INSERT IGNORE INTO post_tag (post_id, tag_id) VALUES (UNHEX(REPLACE('977cb073-a2ba-40fb-beaa-cff321f49f03', '-', '')), UNHEX(REPLACE('b564b38c-2ff9-4238-a531-e2a15cbc27e6', '-', '')));
INSERT IGNORE INTO post_tag (post_id, tag_id) VALUES (UNHEX(REPLACE('d685d8ec-4651-4569-8a0d-5c1f58fdc63f', '-', '')), UNHEX(REPLACE('49874c47-c7dc-450d-8b84-e358c062499d', '-', '')));
INSERT IGNORE INTO post_tag (post_id, tag_id) VALUES (UNHEX(REPLACE('d685d8ec-4651-4569-8a0d-5c1f58fdc63f', '-', '')), UNHEX(REPLACE('f15a3ad4-4a57-41a1-ba0f-9263410a5d66', '-', '')));
INSERT IGNORE INTO post_tag (post_id, tag_id) VALUES (UNHEX(REPLACE('d685d8ec-4651-4569-8a0d-5c1f58fdc63f', '-', '')), UNHEX(REPLACE('1fc5ea5a-2798-4bf6-bbbe-697a1af1bcd9', '-', '')));
INSERT IGNORE INTO post_tag (post_id, tag_id) VALUES (UNHEX(REPLACE('7c9303e7-a774-40bb-b7a6-45f994134caa', '-', '')), UNHEX(REPLACE('1fc5ea5a-2798-4bf6-bbbe-697a1af1bcd9', '-', '')));
INSERT IGNORE INTO post_tag (post_id, tag_id) VALUES (UNHEX(REPLACE('7c9303e7-a774-40bb-b7a6-45f994134caa', '-', '')), UNHEX(REPLACE('5e72227a-4c5b-44e8-956a-937e610442bb', '-', '')));
INSERT IGNORE INTO post_tag (post_id, tag_id) VALUES (UNHEX(REPLACE('7c9303e7-a774-40bb-b7a6-45f994134caa', '-', '')), UNHEX(REPLACE('5dfdfb8e-bba6-423f-9563-1fe401905741', '-', '')));